Chapter,Measure,Ordinal position within measure,RG scale-degree,Heuristic scale-degree (GR),Initial / medial / final / totality,Displaced from initial? (incl. 0-duration grace notes),Match V or X,Match 1 or 0,comments,Segment onset (within measure),Segment Duration,Onsets within segment [separate by  commas no spaces],Durations [Separate by commas; no spaces,Meter
5,1,a,1,1,I,,V,1,,0,2,0.00,1.00,3
5,1,b,5,5,T,,V,1,,2,1,0.00,1.00,3
5,2,a,1,1,I,,V,1,,0,2,0.00,0.50,3
5,2,b,5,5,I,,V,1,,2,2,0.00,1.00,3
5,3,a,6,6,T,,V,1,,1,1,0.00,1.00,3
5,3,b,5,5,T,,V,1,,2,1,0.00,1.00,3
5,4,a,4,4,T,D ,V,1,,0,2,0.00,2.00,3
5,4,b,3,3,T,,V,1,,2,1,0.00,1.00,3
5,5,a,6,6,I,,V,1,,0,3,0.00,0.50,3
5,6,a,5,5,I,,V,1,,0,3,0.00,1.00,3
5,7,a,4,4,IF,,V,1,,0,3,0;2,1;1,3
5,8,a,3,3,I,D,V,1,,0,3,0.00,2.00,3
5,10,a,3,3,IMF,,V,1,,0,3,0;1;2,.5;.5;.5,3
5,12,a,3,3,IMF,,V,1,,0,3,0;1;2,.5;.5;.5,3
5,14,a,6,6,IM ,,V,1,,0,3,0;1.5,1;1,3
5,15,a,5,5,IM ,,V,1,,0,3,0;1.5,1;1,3
5,16,a,4,4,IM,,V,1,,0,3,0;1.5,1;1,3
5,17,a,3,3,IM,,V,1,,0,3,0;1.5,1;1,3
5,18,a,2,2,I,,V,1,,0,2,0.00,1.00,3
8,1,a,1,5,M,,X,0,PMEL,0,2,0.50,1.00,2
8,2,a,2,2,I,D,V,1,,0,2,0.50,1.00,2
8,3,a,2,4,M,,X,0,TPRF,0,2,0.50,1.00,2
8,4,a,3,3,I,D,V,1,,0,2,0.50,1.00,2
8,5,a,6,5,F,,X,0,PMEL,0,1,0.50,0.50,2
8,5,b,5,5,T,D,V,1,,1,1,0.50,0.50,2
8,6,a,4,4,I,D,V,1,,0,2,0.50,1.00,2
8,7,a,3,3,I,D,V,1,,0,1,0.00,0.50,2
8,9,a,4,4,IF,,V,1,,0,2,0;1.5,0.5;0.5,2
8,10,a,3,3,T,D,V,1,,0,2,0.50,1.50,2
8,11,a,4,4,IF,,V,1,,0,2,0;1.5,0.5;0.5,2
8,12,a,3,3,T,D,V,1,,0,1,0.50,0.50,2
8,12,b,1,3,F,,X,0,PMEL ,1,1,0.50,0.50,2
8,13,a,7,nan,I,,nan,nan,DISS,0,1,0.00,0.50,2
8,13,b,6,6,T,D,V,1,,0,1,0.50,0.50,2
8,13,c,2,6,F,,X,0,PMEL,1,1,0.50,0.50,2
8,14,a,1,nan,I,,nan,nan,DISS,0,2,0.00,0.50,2
8,14,b,7,7,T,D,V,1,,0,2,0.50,1.00,2
10,1,a,1,1,IF,,V,1,,0,2,0;1.5,0.5;0.5,2
10,2,a,7,7,I,D,V,1,,0,2,1.00,0.50,2
10,3,a,4,4,MF,,V,1,,0,2,0.5;1.5,0.5;0.5,2
10,4,a,3,3,T,D,V,1,,0,2,1.00,1.00,2
10,5,a,6,6,I,,V,1,,0,2,0.00,0.50,2
10,6,a,5,5,I,,V,1,,0,2,0.00,0.50,2
10,7,a,4,2,M,,X ,0,PMEL,0,2,0.50,1.00,2
10,10,a,4,4,IF,,V,1,,-2,3,0;2,0.5;1,2
10,10,b,3,3,T,,V,1,,1,1,0.00,1.00,2
10,12,a,4,4,IF,,V,1,,-2,3,0;2,0.5;1,2
10,12,b,3,3,I,,V,1,,1,1,0.00,0.50,2
10,17,a,1,1,IF,,V,1,,0,2,0;1.5,0.5;0.5,2
10,18,a,7,7,I,D,V,1,,0,2,1.00,0.50,2
10,19,a,4,4,MF,,V,1,,0,2,0.5;1.5,0.5;0.5,2
10,20,a,3,3,I,D,V,1,,0,2,1.00,0.50,2
10,21,a,6,4,MF,,X,0,PMEL,0,2,0.5;1.5,0.5;0.5,2
10,22,a,5,5,I,D,V,1,,0,2,0.50,0.50,2
10,23,a,4,6,M,,X,0,PMEL,0,2,1.00,0.50,2
10,25,a,1,1,IMF,,V,1,,0,2,0;0.75;1.5,0.25;0.25;0.5,2
10,26,a,7,7,I,D,V,1,,0,2,1.00,0.50,2
10,27,a,4,4,IF,,V,1,,0,2,0;1.5,0.5;0.5,2
10,28,a,3,3,T,D,V,1,,0,2,1.00,1.00,2
10,29,a,6,6,I,,V,1,,0,2,0.00,0.25,2
10,30,a,5,5,I,,V,1,,0,2,0.00,0.25,2
10,31,a,4,6,M,,X ,0,PMEL,0,2,0.50,0.50,2
10,33,a,2,4,MMF,,X ,0,TPRF,0,2,0.25;0.75;1.5,0.25;0.25;0.5,2
10,34,a,3,3,T,D,V,1,,0,2,1.00,1.00,2
10,35,a,2,4,MMF,,X ,0,TPRF,0,2,0.25;0.75;1.5,0.25;0.25;0.5,2
10,36,a,3,3,I,D,V,1,,0,2,1.00,0.50,2
10,41,a,1,1,IMF,,V,1,,0,2,0;0.75;1.5,0.25;0.25;1.5,2
10,42,a,7,7,I,D,V,1,,0,2,1.00,0.50,2
10,43,a,4,4,IF,,V,1,,0,2,0;1.5,0.5;0.5,2
10,44,a,3,3,I,D,V,1,,0,2,1.00,0.50,2
10,45,a,6,6,IMM,,V,1,,0,2,0;0.5;1.25,0.25;0.25;0.25,2
10,46,a,5,5,IF,,V,1,,0,2,0;1,0.5;1,2
10,49,a,1,1,IF,,V,1,,0,2,0;1.75,0.25;0.25,2
10,50,a,7,7,I,,V,1,,0,2,0.00,0.25,2
10,51,a,4,4,IF,,V,1,,0,2,0;1.75,0.25;0.25,2
10,52,a,3,3,IF,,V,1,,0,2,0;1.5,1;0.5,2
10,53,a,5,nan,I,,nan,nan,PREF,0,1,0.00,0.25,2
10,53,b,4,4,M,,V,1,,0,1,0.50,0.25,2
10,53,c,3,3,IMM,,V,1,,1,2,0;1;1.5,0.25;0.25;0.25,2
10,54,a,5,nan,I,,nan,nan,PREF,1,1,0.00,0.25,2
10,54,b,4,4,M,,V,1,,1,1,0.50,0.25,2
10,55,a,3,3,I,,V,1,,0,0.5,0.00,0.25,2
10,57,a,4,4,F,,V,1,,0,2,1.50,0.50,2
10,58,a,3,3,I,,V,1,,0,2,0.00,0.50,2
10,59,a,4,4,F,,V,1,,0,2,1.50,0.50,2
10,60,a,3,3,I,,V,1,,0,1.5,0.00,0.50,2
10,65,a,1,1,IF,,V,1,,0,2,0;1.75,0.25;0.25,2
10,66,a,7,7,I,,V,1,,0,2,0.00,0.25,2
10,67,a,4,4,IF,,V,1,,0,2,0;1.75,0.25;0.25,2
10,68,a,3,3,IM,,V,1,,0,2,0;1.5,0.25;0.25,2
10,69,a,6,6,IM,,V,1,,0,2,0;1,0.25;0.25,2
10,73,a,1,1,IF,,V,1,,0,2,0;1.5,0.5;0.5,2
10,74,a,7,7,I,D,V,1,,0,2,1.00,0.50,2
10,75,a,4,4,MF,,V,1,,0,2,0.5;1.5,0.5;0.5,2
10,76,a,3,3,T,D,V,1,,0,2,1.00,1.00,2
10,77,a,6,6,I,,V,1,,0,2,0.00,0.50,2
10,78,a,5,5,I,,V,1,,0,2,0.00,0.50,2
10,79,a,4,2,F,,X ,0,PMEL,0,1,0.50,0.50,2
10,81,a,1,1,IF,,V,1,,0,2,0;1.5,0.5;0.5,2
10,82,a,7,7,I,D,V,1,,0,2,1.00,0.50,2
10,83,a,4,4,MF,,V,1,,0,3,0.5;2,0.5;1,2
10,84,a,3,3,I,,V,1,,1,1,0.00,0.50,2
10,85,a,6,6,IF,,V,1,,0,2,0;1.5,0.5;0.5,2
10,86,a,5,5,IF,,V,1,,0,2,0;1.5,0.5;0.5,2
10,87,a,4,4,I,,V,1,,0,1,0.00,0.50,2
10,93,a,6,6,I,,V,1,,0,2,0.00,0.50,2
10,94,a,5,nan,M,,nan,nan,PREF,0,2,1.00,0.50,2
10,94,b,4,4,F,,V,1,,0,2,1.50,0.50,2
10,95,a,3,3,I,,V,1,,0,1,0.00,0.50,2
10,97,a,1,1,IF,,V,1,,0,2,0;1.5,0.5;0.5,2
10,98,a,7,7,I,D,V,1,,0,2,1.00,0.50,2
10,99,a,4,4,IF,,V,1,,0,2,0;1.5,0.5;0.5,2
10,100,a,3,3,T,D,V,1,,0,2,1.00,1.00,2
10,101,a,6,6,I,,V,1,,0,2,0.00,0.50,2
10,102,a,5,5,I,,V,1,,0,2,0.00,0.50,2
10,103,a,4,2,F,,X ,0,PMEL,0,1,0.50,0.50,2
10,106,a,1,nan,I,,nan,nan,DISS,0,2,0.00,1.00,2
10,106,b,7,7,I,D,V,1,,0,2,1.00,0.50,2
10,108,a,4,nan,I,,nan,nan,DISS,0,2,0.00,1.00,2
10,108,b,3,3,T,D,V,1,,0,2,1.00,1.00,2
10,109,a,6,6,IM,,V,1,,0,2,0;1.5,0.25;0.25,2
10,110,a,5,5,IF,,V,1,,0,2,0;1.75,0.25;0.25,2
10,111,a,4,4,IF,,V,1,,0,2,0;1.75,0.25;0.25,2
10,112,a,3,3,I,,V,1,,0,2,0.00,1.00,2
10,113,b,5,nan,F,,nan,nan,PREF,0,2,1.50,0.50,2
10,114,a,4,nan,I,,nan,nan,DISS,0,2,0.00,1.00,2
10,114,b,3,3,T,D,V,1,,0,2,1.00,1.00,2
10,115,b,5,nan,F,,nan,nan,PREF,0,2,1.50,0.50,2
10,116,a,4,nan,I,,nan,nan,DISS,0,2,0.00,1.00,2
10,116,b,3,3,I,D,V,1,,0,2,1.00,0.50,2
10,121,a,1,1,IF,,V,1,,0,2,0;1.5,0.5;0.5,2
10,122,a,7,7,I,D,V,1,,0,2,1.00,0.50,2
10,123,a,4,4,IF,,V,1,,0,2,0;1.5,0.5;0.5,2
10,124,a,3,3,I,D,V,1,,0,2,1.00,0.50,2
10,125,a,6,4,MF,,X ,0,PMEL,0,2,0.5;1.5,0.5;0.5,2
10,126,a,5,5,IF,,V,1,,0,2,0;1,0.5;1,2
10,127,a,4,4,I,D,V,1,,0,1,0.00,0.50,2
10,129,a,4,4,MF,,V,1,,0,2,0.25;1,0.25;1,2
10,130,a,3,3,I,D,V,1,,0,2,1.00,0.75,2
10,131,a,4,4,MF,,V,1,,0,2,0.25;1.5,0.25;0.5,2
10,132,a,3,3,I,D,V,1,,0,2,1.00,0.50,2
10,137,a,1,1,IF,,V,1,,0,2,0;1.5,0.5;0.5,2
10,138,a,7,7,I,D,V,1,,0,2,1.00,0.50,2
10,139,a,4,4,IF,,V,1,,0,2,0;1.5,0.5;0.5,2
10,140,a,3,3,I,D,V,1,,0,2,1.00,0.50,2
10,141,a,6,4,MF,,X ,0,PMEL,0,2,0.5;1.5,0.5;0.5,2
10,142,a,5,5,IF,,V,1,,0,2,0;1,0.5;1,2
10,143,a,4,4,I,D,V,1,,0,1,0.00,0.50,2
12,1,a,1,1,IF,,V,1,,0,2,0;1.75,1.5;0.25,4
12,1,b,5,5,IMF,D,V,1,,2,2,0;0.5;1.75,0.25;1;0.25,4
12,2,a,1,1,T,D,V,1,,0,2,0.00,2.00,4
12,2,b,1,1,T,,V,1,,2,0.5,0.00,0.50,4
12,2,c,7,7,I,D,V,1,,2.5,0.5,0.25,0.13,4
12,2,d,4,4,F,,V,1,,3,1,1.75,0.25,4
12,3,a,3,3,I,,V,1,,0,2,0.00,0.13,4
12,3,b,6,6,IMMF,,V,1,,2,2,0;0.5;1.5;1.83,0.16;0.66;0.16;0.16,4
12,4,a,5,5,IMMF,,V,1,,0,2,0;0.5;1.5;1.83,0.16;0.66;0.16;0.16,4
12,4,b,4,4,IMMF,,V,1,,2,2,0;0.5;1.5;1.83,0.16;0.66;0.16;0.16,4
12,5,a,3,3,IMF,,V,1,,0,2,0;0.33;1.33,0.16;0.82;.66,4
12,6,a,6,6,IF,,V,1,,1,0.5,0;0.33,0.16;0.16,4
12,6,b,7,7,IF,,V,1,,1.5,0.5,0;0.33,0.16;0.16,4
12,6,c,1,1,I,,V,1,,2,1,0.00,0.50,4
12,6,d,6,6,IF,,V,1,,3,0.5,0;0.33,0.16;0.16,4
12,6,e,7,7,IF,,V,1,,3.5,0.5,0;0.33,0.16;0.16,4
12,7,a,6,6,I,,V,1,,0,1,0.00,0.16,4
12,7,b,5,5,I,,V,1,,1,0.5,0.00,0.16,4
12,7,c,4,4,I,,V,1,,1.5,0.5,0.00,0.16,4
12,7,d,3,3,I,,V,1,,2,1,0.00,1.25,4
12,7,e,3,nan,I,,nan,nan,GRCN,3.5,0.5,0.00,0.00,4
12,7,f,2,2,T,D,V,1,,3.5,0.5,0.00,0.50,4
12,8,a,1,1,I,,V,1,,0,1,0.00,0.50,4
12,8,b,3,nan,I,,nan,nan,GRCN,1.5,0.5,0.00,0.00,4
12,8,c,2,2,T,D,V,1,,1.5,0.5,0.00,0.50,4
12,8,d,1,1,T,,V,1,,2,2,0.00,1.00,4
12,9,a,6,nan,M,,nan,nan,PREF,0,2,0.50,0.50,4
12,9,b,5,nan,M,,nan,nan,PREF,0,2,1.00,0.50,4
12,9,c,4,4,F,,V,1,,0,2,1.50,0.50,4
12,9,d,3,3,M,,V,1,,2,2,0.50,0.50,4
12,10,a,6,nan,M,,nan,nan,PREF,0,2,0.50,0.50,4
12,10,b,5,nan,M,,nan,nan,PREF,0,2,1.00,0.50,4
12,10,c,4,4,F,,V,1,,0,2,1.50,0.50,4
12,10,d,3,3,F,,V,1,,2,1,0.50,0.50,4
12,10,e,1,3,F,,X,0,PMEL,3.5,0.5,0.25,0.25,4
12,11,a,5,5,IF,,V,1,,0,2,0;1.75,1.5;0.25,4
12,11,b,1,1,IF,,V,1,,2,2,0;1.75,1.5;0.25,4
12,12,a,6,6,IF,,V,1,,0,2,0;1.83,0.66;0.16,4
12,12,b,5,5,IF,,V,1,,2,2,0;1.83,0.66;0.16,4
12,13,a,4,4,IF,,V,1,,0,2,0;1.83,0.66;0.16,4
12,13,b,3,3,IF,,V,1,,2,0.5,0;0.33,0.16.0.16,4
12,13,c,6,6,I,,V,1,,2.5,0.5,0.00,0.16,4
12,13,d,5,5,I,,V,1,,3,0.5,0.00,0.16,4
12,13,e,4,4,I,,V,1,,3.5,0.5,0.00,0.16,4
12,14,a,3,3,T,,V,1,,0,0.5,0.00,0.50,4
12,14,b,6,6,I,,V,1,,0.5,0.5,0.00,0.16,4
12,14,c,5,5,I,,V,1,,1,0.5,0.00,0.16,4
12,14,d,4,4,I,,V,1,,1.5,0.5,0.00,0.16,4
12,14,e,3,3,IF,,V,1,,2,1,0;0.875,0.75.0.125,4
12,14,f,1,nan,I,,nan,nan,DISS,3.5,0.5,0.00,0.00,4
12,14,g,7,7,T,D,V,1,,3.5,0.5,0.00,0.50,4
12,15,a,1,1,I,D,V,1,,0,0.5,0.00,0.50,4
12,15,b,3,3,T,,V,1,,1,0.5,0.00,0.50,4
12,15,c,2,2,T,,V,1,,1.5,0.5,0.00,0.50,4
12,15,d,1,1,T,,V,1,,2,0.5,0.00,0.50,4
12,15,e,6,6,IF,,V,1,,2.5,0.5,0;0.33,0.16;0.16,4
12,15,f,5,5,IF,,V,1,,3,0.5,0;0.33,0.16;0.16,4
12,15,g,4,4,IF,,V,1,,3.5,0.5,0;0.33,0.16;0.16,4
12,16,a,3,3,IM,,V,1,,0,1,0;0.66,0.33;0.16,4
12,16,b,3,3,T,,V,1,,1,0.5,0.00,0.50,4
12,16,c,2,2,T,,V,1,,1.5,0.5,0.00,0.50,4
12,16,d,1,1,T,,V,1,,2,1.5,0.00,1.00,4
15,1,a,1,nan,I,,nan,nan,GRCN,2,2,0.00,0.00,2
15,1,b,7,7,T,D,V,1,,2,2,0.00,2.00,2
15,2,a,4,nan,I,,nan,nan,GRCN,2,2,0.00,0.00,2
15,2,b,3,3,T,D,V,1,,2,2,0.00,2.00,2
15,3,a,6,6,IF,D,V,1,,0,2,0;1.75,1.4375;0.25,2
15,3,b,5,5,IF,,V,1,,2,2,0;1.75,1.25;0.25,2
15,4,a,4,4,IF,,V,1,,0,2,0;1.83,0.5;0.16,2
15,4,b,3,3,IF,,V,1,,2,2,0;1.5,0.5;0.5,2
15,5,a,6,nan,IM,,nan,nan,PREF,0,2,0;1.75,0.25;0.125,2
15,5,b,5,nan,M,,nan,nan,PREF,0,2,1.88,0.06,2
15,5,c,4,4,F,,V,1,,0,2,1.94,0.06,2
15,5,d,3,3,I,D,V,1,,2,2,0.00,1.44,2
15,6,a,6,nan,IM,,nan,nan,PREF,0,2,0;1.75,0.25;0.125,2
15,6,b,5,nan,M,,nan,nan,PREF,0,2,1.88,0.06,2
15,6,c,4,4,F,,V,1,,0,2,1.94,0.06,2
15,6,d,3,3,I,D,V,1,,2,2,0.50,1.25,2
15,7,a,4,4,M,,V,1,,0,2,0.33,1.42,2
15,7,b,3,3,I,D,V,1,,2,1,0.33,0.66,2
15,7,c,4,4,I,,V,1,,3,1,0.00,0.66,2
15,8,a,3,3,IF,,V,1,,0,2,0;1.75,1.4375;0.25,2
15,8,b,5,5,IF,,V,1,,2,2,0;1.75,1.25;0.25,2
15,9,a,4,4,IF,,V,1,,0,2,0;1.83,0.5;0.16,2
15,9,b,3,3,IF,,V,1,,2,2,0;1.5,0.5;0.5,2
15,10,a,6,nan,IM,,nan,nan,PREF,0,2,0;1.75,0.25;0.125,2
15,10,b,5,nan,M,,nan,nan,PREF,0,2,1.88,0.06,2
15,10,c,4,4,F,,V,1,,0,2,1.94,0.06,2
15,10,d,3,3,I ,D,V,1,,2,2,0.00,1.44,2
15,11,a,6,nan,IM,,nan,nan,PREF,0,2,0;1.75,0.25;0.125,2
15,11,b,5,nan,M,,nan,nan,PREF,0,2,1.88,0.06,2
15,11,c,4,4,F,,V,1,,0,2,1.94,0.06,2
15,11,d,3,3,IF,,V,1,,2,1,0;0.75,0.25;0.25,2
15,12,a,6,4,F,,X,0,PMEL,3,0.5,0.25,0.25,2
15,12,b,7,7,I,D,V,1,,3.5,0.5,0.25,0.25,2
15,13,a,5,5,IF,,V,1,,0,2,0;1.5,1.4375;0.5,2
15,13,b,5,5,IF,,V,1,,2,2,0;1.5,1.4375;0.5,2
15,14,a,5,5,T,,V,1,,0,1,0.00,1.00,2
15,14,b,4,6,F,,X ,0,CUDW,1.5,0.5,0.38,0.13,2
15,14,c,3,3,T,,V,1,,2,1,0.00,1.00,2
15,14,d,2,2,T,,V,1,,3,1,0.00,1.00,2
15,15,a,1,1,T,,V,1,,0,0.5,0.00,0.50,2
15,15,b,5,5,I,,V,1,,0.5,0.5,0.00,0.25,2
15,15,c,6,6,I,,V,1,,1,0.5,0.00,0.25,2
15,15,d,7,7,I,,V,1,,1.5,0.5,0.00,0.25,2
15,15,e,1,1,T,,V,1,,2,0.5,0.00,0.50,2
15,15,f,5,5,I,,V,1,,2.5,0.5,0.00,0.25,2
15,15,g,6,6,I,,V,1,,3,0.5,0.00,0.25,2
15,15,h,7,6,F,,X ,0,PMEL,3.5,0.5,0.25,0.25,2
15,16,a,1,1,T,,V,1,,0,0.5,0.00,0.50,2
15,16,b,5,5,I,,V,1,,0.5,0.5,0.00,0.25,2
15,16,c,6,6,I,,V,1,,1,0.5,0.00,0.25,2
15,16,d,7,7,I,,V,1,,1.5,0.5,0.00,0.25,2
15,16,e,1,1,T,,V,1,,2,0.5,0.00,0.50,2
15,16,f,5,5,I,,V,1,,2.5,0.5,0.00,0.25,2
15,16,g,6,6,I,,V,1,,3,0.5,0.00,0.25,2
15,16,h,7,6,F,,X ,0,PMEL,3.5,0.5,0.25,0.25,2
15,17,a,1,1,I,,V,1,,0,1,0.00,0.50,2
15,17,b,6,nan,IM,,nan,nan,PREF,2,2,0;1.75,0.25;0.125,2
15,17,c,5,nan,M,,nan,nan,PREF,2,2,1.88,0.06,2
15,17,d,4,4,F,,V,1,,2,2,1.94,0.06,2
15,18,a,3,3,I,D,V,1,,0,1,0.33,0.66,2
15,18,b,6,nan,IM,,nan,nan,PREF,2,2,0;1.75,0.25;0.125,2
15,18,c,5,nan,M,,nan,nan,PREF,2,2,1.88,0.06,2
15,18,d,4,4,F,,V,1,,2,2,1.94,0.06,2
15,19,a,3,3,T,,V,1,,0,0.25,0.00,0.25,2
15,19,b,5,5,IF,,V,1,,0.25,1.75,0;0.25,0.1875;1.5,2
15,19,c,5,5,IF,,V,1,,2,2,0;0.5,0.4375;1.5,2
15,20,a,5,5,IF,,V,1,,0,1,0;0.5,0.4375;0.5,2
15,20,b,1,1,T,,V,1,,2,2,0.00,2.00,2
15,21,a,4,6,F,,X,0,CUDW,2.5,0.5,0.25,0.25,2
15,21,b,3,nan,I,,nan,nan,GRCN,3,1,0.00,0.00,2
15,21,c,2,2,T,D,V,1,,3,1,0.00,1.00,2
15,22,a,1,1,IF,,V,1,,0,1,0;0.875,0.5;0.125,2
15,22,b,7,7,T,,V,1,,3,1,0.00,1.00,2
15,23,a,1,1,I,,V,1,,0,2,0.00,1.00,2
15,24,a,1,nan,I,,nan,nan,GRCN,0,2,0.00,0.00,2
15,24,b,7,7,I,D,V,1,,0,2,0.00,2.00,2
15,25,a,4,nan,I,,nan,nan,GRCN,0,2,0.00,0.00,2
15,25,b,3,3,I,D,V,1,,0,2,0.00,1.00,2
15,26,a,5,2,M,,X,0,PMEL,1.5,0.5,0.13,0.25,2
15,26,b,4,4,F,,V,1,,1.5,0.5,0.38,0.13,2
15,26,c,3,3,I,D,V,1,,2,1,0.13,0.25,2
15,27,a,3,3,I,,V,1,,0,1,0.00,0.50,2
15,27,b,6,nan,IM,,nan,nan,PREF,2,2,0;1.75,0.25;0.125,2
15,27,c,5,nan,M,,nan,nan,PREF,2,2,1.86,0.06,2
15,27,d,4,4,F,,V,1,,2,2,1.94,0.06,2
15,28,a,3,3,I,D,V,1,,0,2,0.00,1.44,2
15,28,b,6,nan,IM,,nan,nan,PREF,2,2,0;1.75,0.25;0.125,2
15,28,c,5,nan,M,,nan,nan,PREF,2,2,1.88,0.06,2
15,28,d,4,4,F,,V,1,,2,2,1.94,0.06,2
15,29,a,3,3,IF,,V,1,,0,2,0;1.5,0.5;0.5,2
15,29,b,6,nan,IM,,nan,nan,PREF,2,2,0;1.75,0.25;0.125,2
15,29,c,5,nan,M,,nan,nan,PREF,2,2,1.88,0.06,2
15,29,d,4,4,F,,V,1,,2,2,1.94,0.13,2
15,30,a,3,3,I,D,V,1,,0,2,0.00,1.44,2
15,30,b,6,nan,IM,,nan,nan,PREF,2,2,0;1.75,0.25;0.125,2
15,30,c,5,nan,M,,nan,nan,PREF,2,2,1.88,0.06,2
15,30,d,4,4,F,,V,1,,2,2,1.94,0.06,2
15,31,a,3,3,T,,V,1,,0,1,0.00,1.00,2
15,32,a,6,4,T,,X,0,PMEL,1,0.5,0.25,0.25,2
15,32,b,7,7,I,D,V,1,,1.5,0.5,0.25,0.25,2
15,32,c,5,5,IF,,V,1,,2,2,0;1.5,1.4375;0.5,2
15,33,a,5,5,IF,,V,1,,0,2,0;1.5,1.4375;0.5,2
15,33,b,5,5,T,,V,1,,2,1,0.00,1.00,2
15,33,c,4,6,F,,X,0,CUDW,3.5,0.5,0.44,0.06,2
15,34,a,3,3,IM,,V,1,,0,1,0;0.5625,0.375;0.0625,2
15,34,b,2,2,I,,V,1,,1,1,0.00,0.75,2
15,34,c,1,1,I,,V,1,,0,2,0.00,1.50,2
15,35,a,3,nan,I,,nan,nan,GRCN,3,1,0.00,0.00,2
15,35,b,2,2,T,D,V,1,,3,1,0.00,1.00,2
15,36,a,1,1,T,,V,1,,0,4,0.00,1.00,2
17,1,a,1,1,I,,V,1,,0,2,0.00,1.00,4
17,1,b,2,2,I,,V,1,,2,2,0.00,1.00,4
17,2,a,3,3,I,,V,1,,0,4,0.00,1.00,4
17,3,a,1,1,MF,,V,1,,0,4,1;3,1;1,4
17,4,a,2,2,IM,,V,1,,0,4,0;1.5,1.25;0.25,4
17,5,a,2,2,MF,,V,1,,0,4,1;3,1;1,4
17,6,a,3,3,IM,,V,1,,0,4,0;1.5,1.25;0.25,4
17,7,a,1,1,MF,,V,1,,0,4,1;3,1;1,4
17,8,a,2,2,IM,,V,1,,0,4,0;1.5,1.25;0.25,4
17,9,a,2,2,MF,,V,1,,0,4,1;3,1;1,4
17,10,a,3,3,IM,,V,1,,0,4,0;1.5,1.25;0.25,4
17,11,a,6,6,I,,V,1,,0,4,0.00,2.00,4
17,12,a,5,5,I,,V,1,,0,4,0.00,2.00,4
17,13,a,4,4,I,,V,1,,0,4,0.00,2.00,4
17,14,a,3,3,T,,V,1,,0,2,0.00,2.00,4
17,14,b,1,7,IMMF,D,X,0,PMEL,2,2,0.25;0.75;1.25;1.75,0.25;0.25;0.25;0.25,4
17,15,a,6,6,IMMF,D,V,1,,0,2,0.25;0.75;1.25;1.75,0.25;0.25;0.25;0.25,4
17,15,b,5,5,IF,,V,1,,2,1,0;0.75,0.5;0.25,4
17,15,c,4,4,IF,D,V,1,,3,1,0;0.75,0.5;0.25,4
17,16,a,3,3,T,D,V,1,,0,2,0.00,2.00,4
17,16,b,1,7,IMMF,D,X,0,PMEL,2,2,0.25;0.75;1.25;1.75,0.25;0.25;0.25;0.25,4
17,17,a,6,6,IMMF,D,V,1,,0,2,0.25;0.75;1.25;1.75,0.25;0.25;0.25;0.25,4
17,17,b,5,5,IM,,V,1,,2,2,0;0.5,0.25;0.25,4
17,18,a,1,1,I,,V,1,,0,4,0.00,1.00,4
17,23,a,4,4,F,,V,1,,0,4,4.00,1.00,4
17,24,a,3,3,I,,V,1,,0,2,0.00,1.50,4
17,25,a,5,nan,I,,nan,nan,PREF,2,2,0.00,1.25,4
17,25,b,4,4,F,,V,1,,2,2,1.75,0.25,4
17,26,a,3,3,T,,V,1,,0,1.5,0.00,1.50,4
17,26,b,1,1,T,D,V,1,,1.5,0.5,0.25,0.25,4
17,26,c,7,7,IF,,V,1,,2,2,0;1.75,1.25;0.25,4
17,27,a,1,1,I,,V,1,,0,2,0.00,1.50,4
17,27,b,5,nan,I,,nan,nan,PREF,2,2,0.00,1.25,4
17,27,c,4,4,F,,V,1,,2,2,1.75,0.25,4
17,28,a,3,3,T,,V,1,,0,4,0.00,4.00,4
17,30,a,1,2,T,D,X,0,CDSF,0,2,0.50,1.50,4
17,30,b,7,7,T,D,V,1,,2,2,0.50,1.50,4
17,33,a,1,2,T,D,X,0,CDSF,0,2,0.50,1.50,4
17,33,b,7,7,T,D,V,1,,2,2,0.50,1.50,4
17,34,a,1,1,I,,V,1,,0,4,0.00,1.75,4
17,47,a,5,5,I,,V,1,,0,1,0.00,0.50,4
17,47,b,2,2,I,,V,1,,1,1,0.00,0.75,4
17,47,c,4,4,I,,V,1,,2,1,0.00,0.75,4
17,47,d,6,6,I,,V,1,,3,1,0.00,0.75,4
17,48,a,4,4,I,,V,1,,0,1,0.00,0.75,4
17,48,b,2,2,I,,V,1,,1,1,0.00,0.75,4
17,48,c,7,7,IF,,V,1,,2,2,0;1.5,0.75;0.5,4
17,49,a,5,5,IF,,V,1,,0,4,0;2,1.5;2,4
17,50,a,5,5,IF,,V,1,,0,4,0;2,1.5;2,4
17,51,a,5,nan,IF,,nan,nan,DISS,0,4,0;2,1.5;2,4
17,52,a,5,5,IF,,V,1,,0,4,0;2,1.5;2,4
17,53,a,5,5,IF,,V,1,,0,4,0;2,1.5;2,4
17,54,a,5,5,IF,,V,1,,0,4,0;2,1.5;2,4
17,55,a,5,nan,IF,,nan,nan,DISS,0,4,0;2,1.5;2,4
17,56,a,5,5,IF,,V,1,,0,4,0;2,1.5;2,4
17,67,a,5,5,T,D,V,1,,0,4,0.50,3.50,4
17,68,a,3,5,MM,,X ,0,PMEL,0,4,0.5;3,0.125;0.5,4
17,69,a,5,5,T,D,V,1,,0,4,0.50,3.50,4
17,70,a,3,5,MM,,X ,0,PMEL,0,4,0.5;3,0.125;0.5,4
17,71,a,5,5,T,D,V,1,,0,4,0.50,3.50,4
17,72,a,4,4,T,,V,1,,0,4,0.00,4.00,4
17,73,a,4,4,T,,V,1,,0,4,0.00,4.00,4
17,74,a,4,4,T,,V,1,,0,4,0.00,4.00,4
17,75,a,4,4,T,,V,1,,0,4,0.00,4.00,4
17,76,a,2,2,IM,,V,1,,0,3,0;1,0.5;1,4
17,76,b,4,4,IM,,V,1,,3,2,0;1.75,1;0.125,4
17,77,a,6,nan,I,,nan,nan,DISS,1,2,0.00,1.00,4
17,77,b,4,4,I,,V,1,,3,2,0.00,1.00,4
17,78,a,2,2,I,,V,1,,1,1,0.00,0.50,4
17,78,b,7,7,I,,V,1,,2,1,0.00,0.50,4
17,78,c,5,5,I,,V,1,,3,1,0.00,0.50,4
17,79,a,1,1,I,,V,1,,0,2,0.00,1.00,4
17,79,b,2,2,I,,V,1,,2,2,0.00,1.00,4
17,80,a,3,3,IM,,V,1,,0,4,0;3.5,1;0.25,4
17,81,a,1,1,MF,,V,1,,0,4,1;3,1;1,4
17,82,a,2,2,IM,,V,1,,0,4,0;1.5,1.25;0.25,4
17,83,a,2,2,MF,,V,1,,0,4,1;3,1;1,4
17,84,a,3,3,IM,,V,1,,0,4,0;1.5,1.25;0.25,4
17,85,a,1,1,MF,,V,1,,0,4,1;3,1;1,4
17,86,a,2,2,IM,,V,1,,0,4,0;1.5,1.25;0.25,4
17,87,a,2,2,MF,,V,1,,0,4,1;3,1;1,4
17,88,a,3,3,IM,,V,1,,0,4,0;1.5,1.25;0.25,4
17,89,a,6,6,I,,V,1,,0,4,0.00,2.00,4
17,90,a,5,5,I,,V,1,,0,4,0.00,2.00,4
17,91,a,4,4,I,,V,1,,0,4,0.00,2.00,4
17,92,a,3,3,T,,V,1,,0,2,0.00,2.00,4
17,92,b,1,7,IMMF,D,X ,0,PMEL,2,2,0.25;0.75;1.25;1.75,0.25;0.25;0.25;0.25,4
17,93,a,6,6,IMMF,D,V,1,,0,2,0.25;0.75;1.25;1.75,0.25;0.25;0.25;0.25,4
17,93,b,5,5,IF,,V,1,,2,1,0;0.75,0.5;0.25,4
17,93,c,4,4,IF,D,V,1,,3,1,0;0.75,0.5;0.25,4
17,94,a,3,3,T,D,V,1,PMEL,0,2,0.00,2.00,4
17,94,b,1,7,IMMF,D,X ,0,PMEL,2,2,0.25;0.75;1.25;1.75,0.25;0.25;0.25;0.25,4
17,95,a,6,6,IMMF,D,V,1,,0,2,0.25;0.75;1.25;1.75,0.25;0.25;0.25;0.25,4
17,95,b,5,5,IM,,V,1,,2,2,0;0.5,0.25;0.25,4
17,96,a,1,1,I,,V,1,,0,2,0.00,1.00,4
17,96,b,1,7,IMMF,D,X ,0,PMEL,2,2,0.25;0.75;1.25;1.75,0.25;0.25;0.25;0.25,4
17,97,a,6,6,IMMF,D,V,1,,0,2,0.25;0.75;1.25;1.75,0.25;0.25;0.25;0.25,4
17,97,b,5,5,IF,,V,1,,2,1,0;0.75,0.5;0.25,4
17,97,c,4,4,IF,D,V,1,,3,1,0;0.75,0.5;0.25,4
17,98,a,3,3,T,D,V,1,,0,2,0.00,2.00,4
17,98,b,1,7,IMMF,D,X ,0,PMEL,2,2,0.25;0.75;1.25;1.75,0.25;0.25;0.25;0.25,4
17,99,a,6,6,IMMF,D,V,1,,0,2,0.25;0.75;1.25;1.75,0.25;0.25;0.25;0.25,4
17,99,b,5,5,IM,,V,1,,2,2,0;0.5,0.25;0.25,4
17,100,a,1,1,I,,V,1,,0,2,0.00,1.00,4
17,105,a,4,4,F,,V,1,,0,4,3.00,1.00,4
17,106,a,3,3,T,,V,1,,0,1.5,0.00,1.50,4
17,106,b,1,1,T,D,V,1,,1.5,0.5,0.25,0.25,4
17,106,c,7,7,IF,,V,1,,2,2,0;1.75,1.25;0.25,4
17,107,a,1,1,I,,V,1,,0,2,0.00,1.50,4
17,107,b,5,nan,I,,nan,nan,PREF,2,2,0.00,1.25,4
17,107,c,4,4,F,,V,1,,2,2,1.75,0.25,4
17,108,a,3,3,T,,V,1,,0,1.5,0.00,1.50,4
17,108,b,1,1,T,D,V,1,,1.5,0.5,0.25,0.25,4
17,108,c,7,7,IF,,V,1,,2,2,0;1.75,1.25;0.25,4
17,109,a,1,1,I,,V,1,,0,2,0.00,1.50,4
17,109,b,5,nan,I,,nan,nan,PREF,2,2,0.00,1.25,4
17,109,c,4,4,F,,V,1,,2,2,1.75,0.25,4
17,110,a,3,3,T,,V,1,,0,4,0.00,4.00,4
17,113,a,3,3,T,,V,1,,0,1.5,0.00,1.50,4
17,113,b,1,1,T,D,V,1,,1.5,0.5,0.25,0.25,4
17,113,c,7,7,IF,,V,1,,2,2,0;1.75,1.25;0.25,4
17,114,a,1,1,I,,V,1,,0,2,0.00,1.50,4
17,114,b,5,nan,I,,nan,nan,PREF,2,2,0.00,1.25,4
17,114,c,4,4,F,,V,1,,2,2,1.75,0.25,4
17,115,a,3,3,T,,V,1,,0,1.5,0.00,1.50,4
17,115,b,1,1,T,D,V,1,,1.5,0.5,0.25,0.25,4
17,115,c,7,7,IF,,V,1,,2,2,0;1.75,1.25;0.25,4
17,116,a,1,1,I,,V,1,,0,2,0.00,1.50,4
17,116,b,5,nan,I,,nan,nan,PREF,2,2,0.00,1.25,4
17,116,c,4,4,F,,V,1,,2,2,1.75,0.25,4
17,117,a,3,3,T,,V,1,,0,4,0.00,4.00,4
19,1,a,5,5,I,,V,1,,0,4,0.00,3.75,4
19,2,a,4,4,I,,V,1,,0,4,0.00,3.75,4
19,3,a,3,3,IF,,V,1,,0,4,0;3.75,3;0.25,4
19,4,a,3,nan,I,,nan,nan,GRCN,0,1,0.00,0.00,4
19,4,b,2,2,T,D,V,1,,0,1,0.00,1.00,4
19,4,c,1,1,T,,V,1,,1,2,0.00,2.00,4
19,4,d,7,2,F,,X,0,PMEL,3,1,0.75,0.25,4
19,5,a,3,3,F,,V,1,,3,1,0.75,0.25,4
19,6,a,2,2,T,D,V,1,,0,1,0.00,1.00,4
19,6,b,1,1,T,,V,1,,1,2,0.00,2.00,4
19,6,c,7,2,F,,X,0,PMEL,3,1,0.75,0.25,4
19,7,a,1,1,IM,,V,1,,0,4,0;1,0.75;1,4
19,8,a,6,5,M,,X,0,PMEL,0,4,1.00,0.50,4
19,9,a,5,5,MF,,V,1,,0,4,1;3.5,1;0.5,4
19,10,a,4,4,MF,,V,1,,0,2,0.5;1.75,0.5;0.25,4
19,10,c,3,3,MF,,V,1,,2,2,0.5;1.5,0.5;0.5,4
19,11,b,2,3,I,D,X,0,PMEL,0,4,1.00,1.00,4
19,12,a,5,5,IM,,V,1,,0,4,0;2,1.25;1.75,4
19,13,a,1,1,T,,V,1,,0,1,0.00,1.00,4
19,13,b,7,7,I,,V,1,,1,2,0.00,0.25,4
19,13,c,4,4,IF,,V,1,,3,1,0;0.75,0.5;0.25,4
19,14,a,3,3,I,D,V,1,,0,2,0.25,0.25,4
19,16,a,3,nan,I,,nan,nan,DISS,2,1,0.00,0.50,4
19,16,b,2,2,I,D,V,1,,2,1,0.50,0.50,4
19,16,c,1,1,F,,V,1,,3,1,0.50,0.50,4
19,17,a,7,7,I,D,V,1,,0,4,1.00,1.00,4
19,18,a,5,3,F,,X,0,PMEL,0,4,2.00,2.00,4
19,19,a,4,4,T,D,V,1,,0,2,0.75,1.25,4
19,19,b,3,3,IF,D,V,1,,2,2,0.5;1.5,0.5;0.5,4
19,20,a,2,2,IMMF,D,V,1,,0,2,0.25;0.75;1.25;1.75,0.25;0.25;0.25;0.25,4
19,20,b,1,nan,T,,nan,nan,CDSF,2,1,0.00,1.00,4
19,20,c,7,7,T,,V,1,,3,1,0.00,1.00,4
19,21,a,1,1,I,,V,1,,0,4,0.00,0.75,4
19,22,a,5,3,F,,X,0,PMEL,0,4,2.00,2.00,4
19,23,a,4,4,T,D,V,1,,0,2,0.75,1.25,4
19,23,b,3,3,IF,D,V,1,,2,2,0.5;1.5,0.5;0.5,4
19,24,a,2,2,IF,D,V,1,,0,2,0.25;1.75,0.25;0.25,4
19,24,b,1,nan,T,,nan,nan,CDSF,2,1,0.00,1.00,4
19,24,c,7,7,T,,V,1,,3,1,0.00,1.00,4
19,25,a,1,1,IM,,V,1,,0,4,0;2.75,2.5;0.25,4
19,26,a,3,3,IM,,V,1,,0,4,0;2.75,2.5;0.25,4
19,27,a,5,5,IMMM,,V,1,,0,4,0;1.75;2.25;3.25,1.25;0.25;0.25;0.25,4
19,28,a,1,1,IMMMM,,V,1,,0,3,0;0.5;1;2;2.5,0.25;0.25;0.25;0.25;0.25,4
19,28,b,3,3,IM,,V,1,,3,1,0;0.5,0.25;0.25,4
19,29,a,5,5,IMMMM,,V,1,,0,3,0;0.5;1;1.75;2.25,0.25;0.25;0.25;0.25;0.25,4
19,29,b,1,1,IM,,V,1,,3,1,0;0.5,0.25;0.25,4
19,30,a,3,3,T,,V,1,,0,0.5,0.00,0.50,4
19,30,b,5,5,IM,,V,1,,0.5,3.5,0;1.75,0.25;0.25,4
19,31,a,2,2,T,,V,1,,2,2,0.00,2.00,4
19,33,a,2,2,T,,V,1,,2,2,0.00,2.00,4
19,34,a,1,1,T,,V,1,,0,0.75,0.00,0.75,4
19,34,b,5,5,T,,V,1,,0.75,0.25,0.00,0.25,4
19,34,c,6,6,T,,V,1,,1,0.75,0.00,0.75,4
19,34,d,7,7,T,,V,1,,1.75,0.25,0.00,0.25,4
19,34,e,1,1,T,,V,1,,2,0.75,0.00,0.75,4
19,34,f,5,5,T,,V,1,,2.75,0.25,0.00,0.25,4
19,34,g,6,6,T,,V,1,,3,0.75,0.00,0.75,4
19,34,h,7,7,T,,V,1,,3.75,0.25,0.00,0.25,4
19,35,a,1,1,I,D,V,1,,0,4,2.00,1.00,4
19,36,a,5,5,I,,V,1,,0,4,0.00,3.75,4
19,37,a,4,4,I,D,V,1,,0,4,0.00,3.75,4
19,38,a,3,3,T,D,V,1,,0,3,0.00,3.00,4
19,38,b,3,5,F,,X,0,PMEL,3,1,0.75,0.25,4
19,39,a,2,2,T,D,V,1,,0,1,0.00,1.00,4
19,39,b,1,1,T,,V,1,,1,2,0.00,2.00,4
19,39,c,7,5,F,,X,0,PMEL,3,1,0.75,0.25,4
19,40,a,5,5,IF,,V,1,,0,3,0;2,1.25;1,4
19,40,b,3,3,F,,V,1,,3,1,0.75,0.25,4
19,41,a,2,2,T,D,V,1,,0,1,0.00,1.00,4
19,41,b,1,1,T,,V,1,,1,2,0.00,2.00,4
19,41,c,7,5,F,,X,0,PMEL,3,1,0.75,0.25,4
19,42,a,1,1,IF,,V,1,,0,2,0;1,0.75;1,4
19,43,a,6,nan,M ,,nan,nan,PREF,0,2,0.50,0.50,4
19,43,b,5,nan,M ,,nan,nan,PREF,0,2,1.00,0.50,4
19,43,c,4,4,F,,V,1,,0,2,1.50,0.50,4
19,43,d,6,nan,M,,nan,nan,PREF,2,2,0.50,0.50,4
19,43,e,5,nan,M,,nan,nan,PREF,2,2,1.00,0.50,4
19,43,f,4,4,F,,V,1,,2,2,1.50,0.50,4
19,44,a,3,3,T,D,V,1,,0,2,1.00,1.00,4
19,45,a,6,nan,M,,nan,nan,PREF,0,2,0.50,0.50,4
19,45,b,5,nan,M,,nan,nan,PREF,0,2,1.00,0.50,4
19,45,c,4,4,F,,V,1,,0,2,1.50,0.50,4
19,45,d,6,nan,M,,nan, ,PREF,2,2,0.50,0.50,4
19,45,e,5,nan,M,,nan, ,PREF,2,2,1.00,0.50,4
19,45,f,4,4,F,,V,1,,2,2,1.50,0.50,4
19,46,a,3,3,IM,,V,1,,0,4,0;1,0.5;0.5,4
19,47,a,6,6,IF,,V,1,,0,4,0;3.5,0.5;0.5,4
19,48,a,5,5,IF,,V,1,,0,4,0;3.5,0.5;0.5,4
19,49,a,4,4,IMF,D,V,1,,0,2,0.25;0.75;1.75,0.25;0.25;0.25,4
19,49,b,3,3,IMF,D,V,1,,2,2,0.25;0.75;1.75,0.25;0.25;0.25,4
19,50,a,2,2,I,,V,1,,0,2,0.00,0.50,4
19,52,a,3,3,T,D,V,1,,0,1,0.00,1.00,4
19,52,b,2,2,T,,V,1,,1,1,0.00,1.00,4
19,53,a,5,3,F,,X,0,PMEL,0,4,2.00,2.00,4
19,54,a,4,4,T,D,V,1,,0,2,0.75,1.25,4
19,54,b,3,3,IF,D,V,1,,2,2,0.5;1.5,0.5;0.5,4
19,55,a,2,2,IMMF,D,V,1,,0,2,0.25;0.75;1.25;1.75,0.25;0.25;0.25;0.25,4
19,55,b,1,nan,T,,nan,nan,CDSF,2,1,0.00,1.00,4
19,55,c,7,7,T,,V,1,,3,1,0.00,1.00,4
19,56,a,1,1,I,,V,1,,0,4,0.00,1.00,4
19,57,a,6,5,I,D,X,0,PMEL,0,4,1.00,1.00,4
19,58,a,5,5,I,D,V,1,,0,4,1.00,1.00,4
19,59,a,4,4,F,,V,1,,0,4,3.75,0.25,4
19,60,a,3,3,I,,V,1,,0,2,0.00,0.50,4
19,60,b,5,5,T,,V,1,,2,2,0.00,2.00,4
19,61,a,4,4,I,D,V,1,,0,2,0.75,1.25,4
19,61,b,3,3,IF,D,V,1,,2,2,0.5;1.5,0.5;0.5,4
19,62,a,2,6,MF,,X,0,PMEL,0,2,0.25;1.75,0.25;0.25,4
19,62,b,1,nan,T,,nan,nan,CDSF,2,1,0.00,1.00,4
19,62,c,7,7,T,,V,1,,3,1,0.00,1.00,4
19,63,a,1,1,IM,,V,1,,0,4,0;2.75,2.5;0.25,4
19,64,a,3,3,IM,,V,1,,0,4,0;2.75,2.5;0.25,4
19,65,a,5,5,IMMM,,V,1,,0,4,0;1.75;2.25;3.25,1.25;0.25;0.25;025.,4
19,66,a,1,1,IMMMM,,V,1,,0,3,0;0.5;1;2;2.5,0.25;0.25;0.25;0.25;0.25,4
19,66,b,3,3,IM,,V,1,,3,1,0;0.5,0.25;0.25,4
19,67,a,5,5,IMMMM,,V,1,,0,3,0;0.5;1;1.75;2.25,0.25;0.25;0.25;0.25;0.25,4
19,67,b,1,1,IM,,V,1,,3,1,0;0.5,0.25;0.25,4
19,68,a,3,3,T,,V,1,,0,0.5,0.00,0.50,4
19,68,b,5,5,IM,,V,1,,0.5,3.5,0;1.75,0.25;0.25,4
19,69,a,2,2,T,,V,1,,2,2,0.00,2.00,4
19,70,a,3,3,F,,V,1,,0,0.5,0.25,0.25,4
19,70,b,5,5,IM,,V,1,,0.5,3.5,0;1.75,0.25;0.25,4
19,71,a,2,2,T,,V,1,,2,2,0.00,2.00,4
19,72,a,1,1,I,,V,1,,0,1,0.00,0.50,4
19,72,b,7b,7b,F,,V,1,,1,1,0.75,0.25,4
19,72,c,6,6,I,,V,1,,2,1,0.00,0.50,4
19,72,d,7,7,F,,V,1,,3,1,0.75,0.25,4
19,73,a,1,1,I,,V,1,,0,1,0.00,0.50,4
19,73,b,7b,7b,F,,V,1,,1,1,0.75,0.25,4
19,73,c,6,6,I,,V,1,,2,1,0.00,0.50,4
19,73,d,7,7,F,,V,1,,3,1,0.75,0.25,4
19,74,a,1,1,I,D,V,1,,0,4,2.00,1.00,4
21,6,a,6,6,IMF,,V,1,,0,4,0;2;3.75,1.5;1;0.25,4
21,7,a,5,5,IMF,,V,1,,0,4,0;2;3.5,1.5;1;0.5,4
21,8,a,4#,4#,T,D,V,1,,0,1,0.50,0.50,4
21,8,b,4,4,F,,V,1,,1,1,0.75,0.25,4
21,8,c,3,3,I ,D,V,1,,2,2,0.50,0.50,4
21,9,a,4#,4#,T,D,V,1,,0,1,0.50,0.50,4
21,9,b,4,4,F,,V,1,,1,1,0.75,0.25,4
21,9,c,3,3,IF,D,V,1,,2,2,0.5;1.75,0.5;0.25,4
21,10,a,2,2,IM ,D,V,1,,0,1,0;0.5,0.25;0.25,4
21,10,b,4,4,IM,D,V,1,,1,1,0;0.5,0.25;0.25,4
21,10,c,6,6,I,D,V,1,,2,1,0.00,0.50,4
,10,d,1,1,F,,V,1,,3,1,0.75,0.25,4
,11,a ,7,7,IM,,V,1,,0,4,0;0.75,0.25;0.25,4
21,12,a,5,1,F,,X,0,PMEL,0,4,3.50,0.50,4
21,13,a,4,4,I,D,V,1,,0,4,0.00,0.50,4
21,14,a,4,4,M ,,V,1,,0,4,3.50,0.25,4
21,15,a,3,3,I,D,V,1,,0,4,2.00,1.00,4
21,16,a,6,6,I,,V,1,,0,4,0.00,1.50,4
21,17,a,6,6,T,,V,1,,0,1.5,0.00,1.50,4
21,17,b,4,4,T,,V,1,,1.5,0.5,0.00,0.50,4
21,17,c,2,nan,I ,,nan,nan,DISS,2,2,0.00,1.00,4
21,18,a,6,6,IM,,V,1,,0,1,0;0.5,0.25;0.25,4
21,18,b,4,4,IM,,V,1,,1,1,0;0.5,0.25;0.25,4
21,18,c,2,2,I,,V,1,,2,1,0.00,0.25,4
21,18,d,1,6,F,,X,0,OPRF,3,1,0.75,0.25,4
21,19,a,7,7,I,,V,1,,0,4,0.00,0.25,4
21,23,a,3,3,IMM,,V,1,,0,4,0;2.33;3.33,0.5;0.33;0.33,4
21,24,a,2,2,IF,,V,1,,0,4,0;3,1.5;1,4
21,25,a,3,3,IMMF,,V,1,,0,2,0;0.5;1.25;1.75,0.25;0.25;0.25;0.25,4
21,25,b,2,2,IMMF,,V,1,,2,2,0;0.5;1.25;1.75,0.25;0.25;0.25;0.25,4
21,26,a,3,3,IMMF,,V,1,,0,2,0;0.5;1.25;1.75,0.25;0.25;0.25;0.25,4
21,26,b,2,2,IMMF,,V,1,,2,2,0;0.5;1.25;1.75,0.25;0.25;0.25;0.25,4
21,27,a,3,3,IM,,V,1,,0,1,0;0.5,0.25;0.25,4
21,28,a,3,3,I,,V,1,,2.5,0.5,0.00,0.25,4
21,28,b,2,2,I,,V,1,,3,0.5,0.00,0.25,4
21,28,c,1,1,I,,V,1,,3.5,0.5,0.00,0.25,4
21,29,a,7,7,M ,,V,1,,0,4,0.75,0.25,4
21,32,a,6,6,,,V,1,,2,2,0.00,0.50,4
21,33,a,1,nan,T,,nan,nan,CDSF,0,2,0.00,2.00,4
21,33,b,7,7,I,,V,1,,2,2,0.00,1.00,4
21,36,a,3,3,T,,V,1,,2,1,0.00,1.00,4
21,36,b ,2,2,T,,V,1,,3,1,0.00,1.00,4
21,37,a,1,1,IMM,,V,1,,0,4,0;1;2.5,0.25;0.25;0.25,4
21,42,a,3,3,IM,,V,1,,0,2,0;0.5,0.25;0.25,4
21,42,b,1,1,IM,,V,1,,2,2,0;0.5,0.25;0.25,4
21,43,a,6,6,IM,,V,1,,0,2,0;0.5,0.25;0.25,4
21,43,b,4,4,I,,V,1,,2,2,0.00,0.50,4
21,44,a,4,4,IF,,V,1,,2,2,0;1.75,0.25;0.25,4
21,45,a,3,3,I,,V,1,,0,1,0.00,0.25,4
21,45,b,3,3,T,,V,1,,2,1,0.00,1.00,4
21,45,c,2,2,T,,V,1,,3,1,0.00,1.00,4
21,46,a,1,1,IF,,V,1,,0,4,0;2,1;2,4
21,54,a,6,6,I,,V,1,,0,3,0.00,2.33,4
21,54,b,1,1,F,,V,1,,3,1,0.66,0.33,4
21,55,a,7,7,IM,,V,1,,0,2,0;1,0.33;0.33,4
21,59,a,5,nan,M ,,nan,nan,PREF,2,2,1.00,0.50,4
21,59,b,4,4,F,,V,1,,2,2,1.50,0.50,4
21,60,a,3,3,I,D,V,1,,0,1,0.50,0.50,4
21,60,b,1,1,I,D,V,1,,1,1,0.50,0.50,4
21,60,c,7,7,I,D,V,1,,2,2,0.50,0.50,4
21,61,a,1,1,I,D,V,1,,0,2,0.50,0.50,4
21,61,b,5,nan,M ,,nan,nan,PREF,2,2,1.00,0.50,4
21,61,c,4,4,F,,V,1,,2,2,1.50,0.50,4
21,62,a,3,3,I,,V,1,,0,1,0.00,0.33,4
21,62,b,1,3,F,,X,0,OPRF,1,1,0.66,0.33,4
21,62,c,7,7,IM,,V,1,,2,2,0;1,0.33;0.33,4
21,63,a,1,1,T,,V,1,,0,2,0.00,2.00,4
21,64,a,4,nan,I,,nan,nan,GRCN,0,2,0.00,0.00,4
21,64,b,3,3,I,D,V,1,,0,2,0.00,1.00,4
21,66,a,4,nan,I,,nan,nan,DISS,0,4,0.00,0.50,4
21,66,b,6,6,IF,D,V,1,,0,4,0.5;3.75,1.75;0.25,4
21,67,a,5,5,I,D,V,1,,0,4,0.50,2.50,4
21,68,a,4,4,IMF,D,V,1,,0,4,0;0.66;3.66,0.33;0.33;0.33,4
21,69,a,3,3,IF,D,V,1,,0,4,0.5;3.5,2.5;0.5,4
21,70,a,2,2,IM,,V,1,,0,4,0;2,1.25;1,4
21,71,a,4,4,IM,,V,1,,0,4,0;2,1.25;1,4
21,72,a,2,2,I,,V,1,,0,1,0.00,0.25,4
21,72,b,4,4,I,,V,1,,1,1,0.00,0.25,4
21,72,c,6,6,I,,V,1,,2,1,0.00,0.50,4
21,72,d,1,1,F,,V,1,,3,1,0.75,0.25,4
21,73,a,7,7,IF,,V,1,,0,1,0;0.75,0.25;0.25,4
21,78,a,5,5,T,,V,1,,0,2,0.00,2.00,4
21,78,b,5,5,IMM,,V,1,,2,0.5,0;0.16;0.32,0.083;0.083;0.083,4
21,78,c,7,7,IMM,,V,1,,2.5,0.5,0;0.16;0.32,0.083;0.083;0.083,4
21,78,d,2,2,IMM,,V,1,,3,0.5,0;0.16;0.32,0.083;0.083;0.083,4
21,78,e,4,4,I,,V,1,,3.5,0.16,0.00,0.08,4
21,78,f,5,5,I,,V,1,,3.66,0.33,0.00,0.08,4
21,79,a,1,1,T,,V,1,,0,2,0.00,2.00,4
21,84,a,6,6,IMF,,V,1,,0,4,0;2;3.75,1.5;0.5;0.25,4
21,85,a,5,5,IMF,,V,1,,0,4,0;2;3.5,1.5;1;0.5,4
21,86,a,4#,4#,T,D,V,1,,0,1,0.50,0.50,4
21,86,b,4,4,F,,V,1,,1,1,0.75,0.25,4
21,86,c,3,3,I,D,V,1,,2,2,0.50,0.50,4
21,87,a,4#,4#,T,,V,1,,0,1,0.50,0.50,4
21,87,b,4,4,F,,V,1,,1,1,0.75,0.25,4
21,87,c,3,3,IF,D,V,1,,2,2,0.5;1.75,0.5;0.25,4
21,88,a,2,2,IM,D,V,1,,0,1,0;0.5,0.25;0.25,4
21,88,b,4,4,IM,D,V,1,,1,1,0;0.5,0.25;0.25,4
21,88,c,6,6,I,D,V,1,,2,1,0.00,0.50,4
21,88,d,1,1,F,,V,1,,3,1,0.75,0.25,4
21,89,a,7,7,I,,V,1,,0,4,0.00,0.33,4
21,93,a,3,3,IMM,,V,1,,0,4,0;2.33;3.33,0.5;0.33;0.33,4
21,95,a,3,3,IMMF,,V,1,,0,2,0;0.5;1.25;1.75,0.25;0.25;0.25;0.25,4
21,95,b,2,2,IMMF,,V,1,,2,2,0;0.5;1.25;1.75,0.25;0.25;0.25;0.25,4
21,96,a,3,3,IMMF,,V,1,,0,2,0;0.5;1.25;1.75,0.25;0.25;0.25;0.25,4
21,96,b,2,2,IMMF,,V,1,,2,2,0;0.5;1.25;1.75,0.25;0.25;0.25;0.25,4
21,97,a,3,3,IM,,V,1,,0,1,0;0.5,0.25;0.25,4
21,103,a,1,nan,T,,nan,nan,CDSF,0,2,0.00,2.00,4
21,103,b,7,7,I,,V,1,,2,2,0.00,1.00,4
21,106,a,3,3,T,,V,1,,2,1,0.00,1.00,4
21,106,b,2,2,T,,V,1,,3,1,0.00,1.00,4
21,107,a,1,1,IM,,V,1,,0,2,0;1,0.25;0.25,4
21,112,a,3,3,IM,,V,1,,0,2,0;0.5,0.25;0.25,4
21,112,b,1,1,IM,,V,1,,2,2,0;0.5,0.25;0.25,4
21,113,a,6,6,IM,,V,1,,0,2,0;0.5,0.25;0.25,4
21,113,b,4,4,I,,V,1,,2,2,0.00,0.50,4
21,114,a,4,4,IMF,,V,1,,0,4,0;2;3.75,0.5;0.25;0.25,4
21,115,a,3,3,I,,V,1,,0,1,0.00,0.25,4
21,115,b,3,3,T,,V,1,,2,1,0.00,1.00,4
21,115,c,2,2,T,,V,1,,3,1,0.00,1.00,4
21,116,a,1,1,IF,,V,1,,0,1,0;0.75,0.25;0.25,4
21,116,b,3,3,I,,V,1,,2,1,0.00,0.25,4
21,116,c,2,2,I,,V,1,,3,1,0.00,0.25,4
21,117,a,1,1,IMMF,,V,1,,0,4,0;0.75;1.5;2,0.25;0.25;0.25;1,4
22,2,a,6,6,IMF,,V,1,,0,3,0;2.25;2.75,1;0.25;0.25,3
22,3,a,5,5,I,,V,1,,0,2,0.00,1.00,3
22,3,b,1,1,IF,,V,1,,2,1,0.25;0.75,0.25;0.25,3
22,4,a,7,7,IMM,,V,1,,0,2,0;0.25;0.5,0.125;0.125;0.25,3
22,4,b,4,4,IF,,V,1,,2,1,0;0.75,0.25;0.25,3
22,5,a,3,3,T,,V,1,,0,1,0.00,1.00,3
22,5,b,2,2,I,,V,1,,1,2,0.00,0.50,3
22,6,a,1,3,I,,X,0,PMEL,0,3,0.50,1.75,3
22,7,a,1,1,I,,V,1,,0,3,0.00,2.25,3
22,8,a,1,nan,I,,nan,nan,PULC ,0,3,0.00,2.25,3
22,9,a,1,1,I,,V,1,,0,1,0.00,0.50,3
22,9,b,4,4,F,,V,1,,1,2,1.50,0.50,3
22,10,a,3,3,T,,V,1,,0,0.5,0.00,0.50,3
22,10,b,6,6,T,,V,1,,0.5,0.5,0.00,0.50,3
22,10,c,5,5,T,,V,1,,1,0.5,0.00,0.50,3
22,10,d,4,4,T,,V,1,,1.5,0.5,0.00,0.50,3
22,10,e,3,3,T,,V,1,,2,0.5,0.00,0.50,3
22,10,f,2,2,T,,V,1,,2.5,0.5,0.00,0.50,3
22,12,a,6,1,F,,X,0,PMEL,0,1,0.50,0.50,3
22,12,b,5,5,T,,V,1,,1,0.5,0.00,0.50,3
22,12,c,4,4,T,,V,1,,1.5,0.5,0.00,0.50,3
22,12,d,3,3,T,,V,1,,2,0.5,0.00,0.50,3
22,12,e,2,2,T,,V,1,,2.5,0.5,0.00,0.50,3
22,14,a,6,1,F,,X,0,PMEL,0,1,0.50,0.50,3
22,14,b,5,5,T,,V,1,,1,0.5,0.00,0.50,3
22,14,c,4,4,T,,V,1,,1.5,0.5,0.00,0.50,3
22,14,d,3,3,T,,V,1,,2,0.5,0.00,0.50,3
22,14,e,2,2,T,,V,1,,2.5,0.5,0.00,0.50,3
22,15,a,3,3,I,,V,1,,0,1,0.00,0.16,3
,15,b,3,3,I,,V,1,,1,1,0.00,0.25,3
22,15,c,2,2,T,,V,1,,2,1,0.00,1.00,3
22,16,a,1,1,I,,V,1,,0,3,0.00,0.50,3
22,19,a,6,6,IF,,V,1,,0,3,0;2.5,0.5;0.5,3
22,20,a,5,5,T,,V,1,,1,1,0.00,1.00,3
22,20,b,1,1,F,,V,1,,2,1,0.50,0.50,3
22,21,a,7,7,I,D,V,1,,0,2,0.50,0.50,3
22,21,b,4,4,F,,V,1,,2,1,0.50,0.50,3
22,22,a,3,3,I,D,V,1,,0,3,1.00,1.00,3
22,23,a,6,6,IF,,V,1,,0,3,0;2.5,2;0.5,3
22,24,a,5,5,I,,V,1,,0,2,0.00,0.50,3
22,24,b,1,1,F,,V,1,,2,1,0.50,0.50,3
22,25,a,7,7,I,D,V,1,,0,1,0.50,0.50,3
22,25,b,4,4,T,,V,1,,1,1,0.00,1.00,3
22,25,c,3,3,T,,V,1,,2,1,0.00,1.00,3
22,26,a,3,3,T,,V,1,,0,1,0.00,1.00,3
22,26,b,2,2,I,,V,1,,1,2,0.00,1.00,3
22,27,a,4,4,F,,V,1,,0,3,1.00,2.00,3
22,28,a,3,3,I,D,V,1,,0,3,1.00,1.00,3
22,29,a,4,4,F,,V,1,,0,3,1.00,2.00,3
22,30,a,3,3,I,D,V,1,,0,3,1.00,1.00,3
22,32,a,4,nan,I,,nan,nan,DISS,0,3,0.00,1.00,3
22,32,b,3,3,IF,D,V,1,,0,3,1;2.5,1;0.5,3
22,33,a,1,1,I,,V,1,,0,3,0.00,2.50,3
22,34,a,1,1,I,,V,1,,0,3,0.00,2.50,3
22,35,a,1,nan,I,,nan,nan,PULC,0,3,0.00,2.50,3
22,36,a,1,1,I,,V,1,,0,1,0.00,0.50,3
22,36,b,4,4,F,,V,1,,1,2,1.50,0.50,3
22,37,a,3,3,I,,V,1,,0,2,0.00,1.00,3
22,38,a,6,6,T,,V,1,,0,1,0.00,1.00,3
22,38,b,5,5,T,,V,1,,1,0.5,0.00,0.50,3
22,38,c,4,4,T,,V,1,,1.5,0.5,0.00,0.50,3
22,38,d,3,3,T,,V,1,,2,0.5,0.00,0.50,3
22,38,e,2,2,T,,V,1,,2.5,0.5,0.00,0.50,3
22,40,a,6,6,T,,V,1,,0.5,0.5,0.00,0.50,3
22,40,b,5,5,T,,V,1,,1,0.5,0.00,0.50,3
22,40,c,4,4,T,,V,1,,1.5,0.5,0.00,0.50,3
22,40,d,3,3,T,,V,1,,2,0.5,0.00,0.50,3
22,40,e,2,2,T,,V,1,,2.5,0.5,0.00,0.50,3
22,42,a,6,6,T,,V,1,,0.5,0.5,0.00,0.50,3
22,42,b,5,5,T,,V,1,,1,0.5,0.00,0.50,3
22,42,c,4,4,T,,V,1,,1.5,0.5,0.00,0.50,3
22,42,d,3,3,T,,V,1,,2,0.5,0.00,0.50,3
22,42,e,2,2,T,,V,1,,2.5,0.5,0.00,0.50,3
22,43,a,1,1,I,,V,1,,0,3,0.00,1.50,3
22,44,a,4,6,F,,X ,0,CUDW,0,1,0.66,0.33,3
22,44,b,3,3,I,,V,1,,1,1,0.00,0.25,3
22,44,c,2,2,T,,V,1,,2,1,0.00,1.00,3
22,45,a,1,1,I,,V,1,,0,3,0.00,2.00,3
22,46,a,1,3,F,,X,0,OPRF,0,3,2.00,1.00,3
22,47,a,7,7,IMM,,V,1,,0,2,0;0.25;0.5,0.125;0.125;0.25,3
22,47,b,4,4,IF,,V,1,,2,1,0;0.75,0.25;0.25,3
22,48,a,3,3,T,,V,1,,0,1,0.00,1.00,3
22,48,b,2,2,T,,V,1,,1,1,0.00,1.00,3
22,50,a,4,4,T,,V,1,,0,1,0.00,1.00,3
22,50,b,3,3,I,,V,1,,1,2,0.00,1.00,3
22,51,a,4,4,F,,V,1,,0,3,1.00,2.00,3
22,52,a,3,3,IF,D,V,1,,0,3,1;2.5,1;0.5,3
22,53,a,4,4,IF,,V,1,,0,3,0;2.5,0.5;0.5,3
22,54,a,3,3,I,D,V,1,,0,3,1.00,1.00,3
22,55,a,6,6,IF,,V,1,,0,3,0;2.5,1;0.5,3
22,56,a,5,5,I,,V,1,,0,3,0.00,1.00,3
22,58,a,2,2,T,,V,1,,1,1,0.00,1.00,3
22,58,b,1,1,T,,V,1,,2,1,0.00,1.00,3
22,59,a,7,7,I,D,V,1,,0,3,1.00,1.00,3
22,60,a,4,4,IF,,V,1,,0,3,0;2.5,1;0.5,3
22,61,a,3,3,I,D,V,1,,0,3,1.00,1.00,3
22,62,a,4,4,IF,,V,1,,0,3,0;2.5,1;0.5,3
22,63,a,3,3,I,D,V,1,,0,3,1.00,1.00,3
22,64,a,4,4,IF,,V,1,,0,3,0;2.5,1;0.5,3
22,65,a,3,3,I,,V,1,,0,3,0.00,1.75,3
22,66,a,6,6,IMMF,,V,1,,0,3,0;0.66;1.66;2.66,0.33;0.66;0.66;0.33,3
22,68,a,5,5,IMMF,,V,1,,0,3,0;0.66;1.66;2.66,0.33;0.66;0.66;0.33,3
22,69,a,4,4,I,,V,1,,0,3,0.00,2.00,3
22,71,a,3,3,IF,,V,1,,0,3,0;2.5,0.75;0.5,3
22,72,a,1,1,I,,V,1,,0,3,0.00,2.50,3
22,73,a,1,1,I,,V,1,,0,3,0.00,2.50,3
22,74,a,1,nan,I,,nan,nan,PULC,0,3,0.00,2.50,3
22,75,a,1,1,I,,V,1,,0,1,0.00,0.50,3
22,75,b,4,4,F,,V,1,,1,2,1.50,0.50,3
22,76,a,3,3,I,,V,1,,0,3,0.00,2.00,3
22,77,a,4,4,IF,,V,1,,0,3,0;2.5,0.5;0.5,3
22,78,a,3,3,I,D,V,1,,0,3,1.00,1.00,3
22,79,a,6,1,F,,X,1,PMEL,0,1,0.50,0.50,3
22,79,b,5,5,T,,V,1,,1,0.5,0.00,0.50,3
22,79,c,4,4,T,,V,1,,1.5,0.5,0.00,0.50,3
22,79,d,3,3,T,,V,1,,2,0.5,0.00,0.50,3
22,79,e,2,2,T,,V,1,,2.5,0.5,0.00,0.50,3
22,81,a,6,6,T,,V,1,,0.5,0.5,0.00,0.50,3
22,81,b,5,5,T,,V,1,,1,0.5,0.00,0.50,3
22,81,c,4,4,T,,V,1,,1.5,0.5,0.00,0.50,3
22,81,d,3,3,T,,V,1,,2,0.5,0.00,0.50,3
22,81,e,2,2,T,,V,1,,2.5,0.5,0.00,0.50,3
22,83,a,6,6,T,,V,1,,0.5,0.5,0.00,0.50,3
22,83,b,5,5,T,,V,1,,1,0.5,0.00,0.50,3
22,83,c,4,4,T,,V,1,,1.5,0.5,0.00,0.50,3
22,83,d,3,3,T,,V,1,,2,0.5,0.00,0.50,3
22,83,e,2,2,T,,V,1,,2.5,0.5,0.00,0.50,3
22,86,a,2,5,M,,X,0,PMEL,0,3,1.00,1.50,3
22,87,a,1,1,IF,,V,1,,0,3,0;2,1;1,3
22,88,a,7,7,IMM,,V,1,,0,2,0;0.25;0.5,0.125;0.125;0.25,3
22,88,b,4,4,IF,,V,1,,2,1,0;0.75,0.25;0.25,3
22,89,a,3,3,I,,V,1,,0,1,0.00,0.16,3
22,89,b,3,3,I,,V,1,,1,1,0.00,0.13,3
22,89,c,2,2,T,,V,1,,2,1,0.00,1.00,3
22,90,a,1,1,I ,,V,1,,0,3,0.00,0.50,3
22,91,a,1,1,IM,,V,1,,0,3,0;1.75,0.75;0.25,3
22,92,a,2,2,IF,,V,1,,0,3,0;2.5,1;0.5,3
22,93,a,2,4,IM,,X,0,TPRF,0,3,0;1.75,0.75;0.25,3
22,94,a,3,3,I,,V,1,,0,3,0.00,0.25,3
22,95,a,6,7,I,,X,0,TPRF,0,3,0.00,2.50,3
22,97,a,6,2,F,,X,0,PMEL,0,1,0.50,0.50,3
22,97,b,5,5,T,,V,1,,1,0.5,0.00,0.50,3
22,97,c,4,4,T,,V,1,,1.5,0.5,0.00,0.50,3
22,97,d,3,3,T,,V,1,,2,0.5,0.00,0.50,3
22,97,e,2,2,T,,V,1,,2.5,0.5,0.00,0.50,3
22,99,a,6,6,T,,V,1,,0.5,0.5,0.00,0.50,3
22,99,b,5,5,T,,V,1,,1,0.5,0.00,0.50,3
22,99,c,4,4,T,,V,1,,1.5,0.5,0.00,0.50,3
22,99,d,3,3,T,,V,1,,2,0.5,0.00,0.50,3
22,99,e,2,2,T,,V,1,,2.5,0.5,0.00,0.50,3
22,102,a,3,3,I,,V,1,,0,1,0.00,0.25,3
22,102,b,2,2,T,,V,1,,1,2,0.00,2.00,3
22,103,a,1,1,I,,V,1,,0,3,0.00,2.00,3
22,105,a,6,6,IMF,,V,1,,0,3,0;2.25;2.75,1;0.25;0.25,3
22,106,a,5,5,I,,V,1,,0,2.5,0.00,1.00,3
22,106,b,1,3,F,,X,0,OPRF,2.5,0.5,0.25,0.25,3
22,107,a,7,7,IM,,V,1,,0,2,0;0.5,0.25;0.25,3
22,107,b,4,4,IF,,V,1,,2,1,0;0.75,0.25;0.25,3
22,108,a,3,3,I,,V,1,,0,1,0.00,0.16,3
22,108,b,3,3,I,,V,1,,1,1,0.00,0.25,3
22,108,c,2,2,T,,V,1,,2,1,0.00,1.00,3
22,109,a,1,1,I,,V,1,,0,3,0.00,0.50,3
23,1,a,5,5,IF,,V,1,,0,1,0;0.75,0.125;0.25,2
23,2,a,1,1,IF,,V,1,,0,1,0;0.5,0.375;0.5,2
23,2,b,5,1,F,,X,0,PMEL,1,1,0.75,0.25,2
23,3,a,6,6,I,,V,1,,0,0.5,0.00,0.13,2
23,3,b,5,5,T,,V,1,,0.5,0.5,0.00,0.50,2
23,3,c,4,4,I,,V,1,,1,0.5,0.00,0.13,2
23,3,d,3,3,T,,V,1,,1.5,0.5,0.00,0.50,2
23,4,a,3,3,T,,V,1,,0,1,0.00,1.00,2
23,4,b,2,2,T,,V,1,,1,1,0.00,1.00,2
23,7,a,3,3,I,,V,1,,0,1,0.00,0.50,2
23,7,b,2,2,T,,V,1,,1,1,0.00,1.00,2
23,8,a,1,1,I,,V,1,,0,2,0.00,1.00,2
23,9,a,5,5,IF,,V,1,,0,1,0;0.75,0.125;0.25,2
23,10,a,1,1,IF,,V,1,,0,1,0;0.5,0.375;0.5,2
23,10,b,5,5,F,,V,1,,1,1,0.50,0.50,2
23,11,a,6,6,I,,V,1,,0,0.5,0.00,0.13,2
23,11,b,5,5,T,,V,1,,0.5,0.5,0.00,0.50,2
23,11,c,4,4,I,,V,1,,1,0.5,0.00,0.13,2
23,11,d,3,3,T,,V,1,,1.5,0.5,0.00,0.50,2
23,12,a,2,2,I,,V,1,,0,2,0.00,1.00,2
23,14,a,6,1,F,,X,0,PMEL,0,1,0.88,0.13,2
23,14,b,5,5,T,,V,1,,1,0.5,0.00,0.50,2
23,14,c,4,4,F,,V,1,,1.5,0.5,0.88,0.13,2
23,15,a,3,3,T,,V,1,,0,0.5,0.00,0.50,2
23,15,b,4,6,F,,X,0,CUDW,0.5,0.5,0.00,0.25,2
23,15,c,3,nan,I,,nan,nan,GRCN,1,1,0.00,0.00,2
23,15,d,2,2,T,D,V,1,,1,1,0.00,1.00,2
23,16,a,1,1,IF,,V,1,,0,2,0;1.5,1;0.5,2
23,17,a,2,2,I,,V,1,,0,1,0.00,0.50,2
23,17,b,4,4,I,,V,1,,1,1,0.00,0.50,2
23,18,a,2,2,I,,V,1,,0,0.5,0.00,0.25,2
23,18,b,7,7,T,,V,1,,0.5,0.5,0.00,0.50,2
23,19,a,6,6,I,,V,1,,0,0.5,0.00,0.25,2
23,19,b,5,5,T,,V,1,,0.5,0.5,0.00,0.50,2
23,19,c,4,4,I,,V,1,,1,0.5,0.00,0.25,2
23,19,d,3,3,T,,V,1,,1.5,0.5,0.00,0.50,2
23,20,a,2,2,T,,V,1,,0,1,0.00,1.00,2
23,20,b,1,1,F,,V,1,,1,1,0.50,0.50,2
23,21,a,7,7,I,,V,1,,0,1,0.00,0.25,2
23,21,b,4,4,T,,V,1,,1,1,0.00,1.00,2
23,22,a,3,3,I,,V,1,,0,1,0.00,0.38,2
23,22,b,1,2,F,,X,0,OPRF,1,1,0.50,0.50,2
23,23,a,7,7,I,,V,1,,0,1,0.00,0.25,2
23,23,b,4,4,T,,V,1,,1,1,0.00,1.00,2
23,24,a,3,3,I,,V,1,,0,1,0.00,0.38,2
23,25,a,3,nan,I,,nan,nan,DISS,1,1,0.00,0.25,2
23,25,b,2,nan,M,,nan,nan,PREF,1,1,0.25,0.50,2
23,25,c,1,1,F,,V,1,,1,1,0.75,0.25,2
23,26,a,7,7,I,D,V,1,,0,1,0.00,0.50,2
23,28,a,6,6,T,,V,1,,1.75,0.25,0.00,0.25,2
23,29,a,5,5,IF,,V,1,,0,1,0;0.5,0.25;0.5,2
23,29,b,4,4,IF,,V,1,,1,1,0;0.5,0.25;0.5,2
23,30,a,3,3,T,,V,1,,0,0.5,0.00,0.50,2
23,30,b,1,1,T,,V,1,,0.5,0.5,0.00,0.50,2
23,31,a,1,1,I,,V,1,,0,1,0.00,0.75,2
23,31,b,3,nan,I,,nan,nan,GRCN,1,1,0.00,0.00,2
23,31,c,2,2,T,D,V,1,,1,1,0.00,1.00,2
23,32,a,1,3,F,,X,0,PMEL,0,1,0.83,0.16,2
23,33,a,4,6,I,,X,0,CUDW,0.5,0.5,0.88,0.13,2
23,33,b,3,nan,I,,nan,nan,GRCN,1,1,0.00,0.00,2
23,33,c,2,2,T,D,V,1,,1,1,0.00,1.00,2
23,34,a,1,1,I,,V,1,,0,1.75,0.00,1.00,2
24,1,a,5,nan,I,,nan,nan,GRCN,2,2,0.00,0.00,4
24,2,a,1,1,I,,V,1,,0,4,0.00,3.00,4
24,3,a,6,6,I,,V,1,,0,3,0.00,2.00,4
24,3,b,5,5,F,,V,1,,3,1,0.50,0.50,4
24,4,a,4,4,T,D,V,1,,0,1,0.00,1.00,4
24,4,b,3,3,T,,V,1,,1,2,0.00,2.00,4
24,4,c,2,2,T,,V,1,,3,1,0.00,1.00,4
24,5,a,1,1,I,,V,1,,0,4,0.00,2.00,4
24,6,a,6,6,I,,V,1,,0,2,0.00,1.75,4
24,7,a,5,1,F,,X,0,PMEL,0,2,0.50,1.50,4
24,7,b,4,4,F,,V,1,,2,2,1.50,0.50,4
24,8,a,3,3,I,D,V,1,,0,2,0.00,1.50,4
24,8,b,6,nan,F,,nan,nan,JMML,2,2,1.50,0.50,4
24,9,a,5,5,T,,V,1,,0,1,0.00,1.00,4
24,9,b,4,6,F,,X,0,CUDW,1,1,0.75,0.25,4
24,9,c,3,3,T,,V,1,,2,1,0.00,1.00,4
24,9,d,2,2,T,,V,1,,3,1,0.00,1.00,4
24,10,a,1,1,I,,V,1,,0,4,0.00,1.00,4
24,11,a,5,nan,I,,nan,nan,GRCN,2,2,0.00,0.00,4
24,12,a,1,1,T,,V,1,,0,2,0.00,2.00,4
24,13,a,6,6,I,,V,1,,0,3,0.00,2.00,4
24,13,b,5,5,F,,V,1,,3,1,0.50,0.50,4
24,14,a,4,4,T,D,V,1,,0,1,0.00,1.00,4
24,14,b,3,3,T,,V,1,,1,2,0.00,2.00,4
24,14,c,2,2,T,,V,1,,3,1,0.00,1.00,4
24,16,a,6,6,I,,V,1,,0,2,0.00,1.75,4
24,17,a,5,1,F,,X,0,PMEL,0,2,0.50,1.50,4
24,17,b,4,4,F,,V,1,,2,2,1.50,0.50,4
24,18,a,3,3,I,D,V,1,,0,2,0.00,1.50,4
24,18,b,6,nan,F,,nan,nan,JMML,2,2,1.50,0.50,4
24,19,a,5,5,T,,V,1,,0,1,0.00,1.00,4
24,19,b,4,6,F,,X ,0,CUDW,1,1,0.75,0.25,4
24,19,c,3,3,T,,V,1,,2,1,0.00,1.00,4
24,19,d,2,2,T,,V,1,,3,1,0.00,1.00,4
24,20,a,1,1,I,,V,1,,0,2,0.00,1.00,4
24,20,b,5,5,F,,V,1,,2,2,1.00,1.00,4
24,21,a,6,6,IMF,,V,1,,0,4,0;1;3.5,0.75;1;0.5,4
24,22,a,5,5,IF,,V,1,,0,4,0;3,2;1,4
24,23,a,6,6,IMF,D,V,1,,0,4,0;0.75;3.75,0.5;1.25;0.25,4
24,24,a,5,5,IF,,V,1,,0,4,0;3,2;1,4
24,25,a,6,6,I,,V,1,,0,2,0.00,1.00,4
24,25,b,7,7,F,,V,1,,2,2,1.00,1.00,4
24,26,a,1,1,T,,V,1,,0,1,0.00,1.00,4
24,26,b,5,5,T,,V,1,,1,1,0.00,1.00,4
24,28,a,3,3,IF,,V,1,,2,2,0;1.75,0.75;0.25,4
24,29,a,2,2,MF,,V,1,,0,4,0.25;3.75,3.25;0.25,4
24,30,a,1,1,IF,,V,1,,0,4,0;3.75,2.75;0.25,4
24,31,a,7b,7b,M ,,V,1,,0,4,0.25,3.25,4
24,32,a,6,nan,T,,nan,nan,JMML,0,2,0.00,2.00,4
24,32,b,5,5,T,,V,1,,2,1,0.00,1.00,4
24,32,c,6,nan,F,,nan,nan,JMML,3,1,0.75,0.25,4
24,33,a,5,5,I,,V,1,,0,1,0.00,0.33,4
24,33,b,4,6,F,,X,0,CUDW,1,1,0.75,0.25,4
24,33,c,3,3,T,,V,1,,2,1,0.00,1.00,4
24,33,d,2,2,T,,V,1,,3,1,0.00,1.00,4
24,34,a,1,1,I,,V,1,,0,2,0.00,1.00,4
24,34,b,5,5,F,,V,1,,2,2,1.00,1.00,4
24,35,a,6,6,IF,,V,1,,0,2,0;1,0.75;1,4
24,35,b,7,7,F,,V,1,,2,2,1.00,1.00,4
24,36,a,1,1,I,,V,1,,0,1,0.00,0.50,4
24,36,b,5,5,IF,,V,1,,1,3,0;2.5,1;0.5,4
24,37,a,6,6,I,,V,1,,0,2,0.00,1.00,4
24,37,b,7,7,F,,V,1,,2,2,1.50,0.50,4
24,38,a,1,1,IF,,V,1,,0,4,0;3.5,1;0.5,4
24,40,a,3,3,IF,,V,1,,2,2,0;1.75,0.75;0.25,4
24,41,a,2,2,MF,,V,1,,0,4,0.25;3.75,3.25;0.25,4
24,42,a,1,1,IF,,V,1,,0,4,0;3.75,2.75;0.25,4
24,43,a,7b,7b,T,,V,1,,0,3.5,0.25,3.25,4
24,44,a,6,nan,T,,nan,nan,JMML,0,2,0.00,2.00,4
24,44,b,5,5,T,,V,1,,2,1,0.00,1.00,4
24,44,c,6,nan,F,,nan,nan,JMML,3,1,0.75,0.25,4
24,45,a,5,5,I,,V,1,,0,1,0.00,0.33,4
24,45,b,4,6,F,,X ,0,CUDW,1,1,0.75,0.25,4
24,45,c,3,3,T,,V,1,,2,1,0.00,1.00,4
24,45,d,2,2,T,,V,1,,3,1,0.00,1.00,4
24,49,a,4,6,F,,X,0,CUDW,1,1,0.75,0.25,4
24,49,b,3,3,T,,V,1,,2,1,0.00,1.00,4
24,49,c,2,2,T,,V,1,,3,1,0.00,1.00,4
24,52,a,6,nan,T,,nan ,nan,JMML,0,2,0.00,2.00,4
24,52,b,5,5,IF,,V,1,,2,2,0;1.5,1;0.5,4
24,53,a,4,6,F,,X,0,CUDW,1,1,0.75,0.25,4
24,53,b,3,3,T,,V,1,,2,1,0.00,1.00,4
24,53,c,2,2,T,,V,1,,3,1,0.00,1.00,4
24,54,a,1,1,I,,V,1,,0,4,0.00,1.00,4
24,56,a,6,6,I,,V,1,,2,1,0.00,0.75,4
24,56,b,1,nan,I,,nan,nan,GRCN,3,1,0.00,0.00,4
24,56,c,7,7,T,D,V,1,,3,1,0.00,1.00,4
24,57,a,6,6,I,,V,1,,2,1,0.00,0.75,4
24,57,b,1,nan,I,,nan,nan,DISS,3,1,0.00,0.00,4
24,57,c,7,7,T,D,V,1,,3,1,0.00,1.00,4
24,58,a,1,1,I,,V,1,,0,2,0.00,0.50,4
24,59,a,4,4,IF,,V,1,,2,2,0;1.875,1.25;0.125,4
24,60,a,3,3,I,D,V,1,,0,4,0.00,0.75,4
24,61,a,4,4,I,,V,1,,2,2,0.00,1.00,4
24,62,a,3,3,T,,V,1,,0,2,0.00,2.00,4
24,62,b,5,nan,I ,,nan,nan,GRCN,2,2,0.00,0.00,4
24,63,a,1,1,T,,V,1,,0,2,0.00,2.00,4
24,64,a,6,6,I,,V,1,,0,3,0.00,2.00,4
24,64,b,5,5,F,,V,1,,3,1,0.50,0.50,4
24,65,a,4,4,T,D,V,1,,0,1,0.00,1.00,4
24,65,b,3,3,T,,V,1,,1,2,0.00,2.00,4
24,65,c,2,2,T,,V,1,,3,1,0.00,1.00,4
24,66,a,1,1,T,,V,1,,0,2,0.00,2.00,4
24,66,b,5,nan,I,,nan,nan,GRCN,2,2,0.00,0.00,4
24,67,a,1,1,T,,V,1,,0,2,0.00,2.00,4
24,68,a,6,6,I,,V,1,,0,3,0.00,2.00,4
24,68,b,5,5,F,,V,1,,3,1,0.50,0.50,4
24,69,a,4,4,T,D,V,1,,0,1,0.00,1.00,4
24,69,b,3,3,T,,V,1,,1,2,0.00,2.00,4
24,69,c,2,2,T,,V,1,,3,1,0.00,1.00,4
24,70,a,1,3,F,,X,0,PMEL,0,2,0.75,1.25,4
24,70,b,4,4,F,,V,1,,2,2,1.50,0.50,4
24,71,a,3,3,I,D,V,1,,0,2,0.50,1.50,4
24,71,b,4,4,F,,V,1,,2,2,1.50,0.50,4
24,72,a,3,3,I,D,V,1,,0,2,0.50,1.50,4
24,72,b,6,6,F,,V,1,,2,2,1.00,1.00,4
24,73,a,7,7,I,,V,1,,0,2,0.00,0.75,4
24,73,b,4,4,F,,V ,1,,2,2,1.50,0.50,4
24,74,a,3,3,I,D,V,1,,0,2,0.00,0.50,4
24,74,b,1,1,F,,V,1,,2,2,1.00,1.00,4
24,75,a,7,7,I,,V,1,,0,2,0.00,1.00,4
24,75,b,1,1,F,,V,1,,2,2,1.00,1.00,4
24,76,a,7,7,I,,V,1,,0,4,0.00,1.00,4
24,78,a,3,3,IF,,V,1,,2,2,0;1.75,0.75;0.25,4
24,79,a,2,2,MF,,V,1,,0,4,0.25;3.75,3.25;0.25,4
24,80,a,1,1,IF,,V,1,,0,4,0;3.75,2.75;0.25,4
24,81,a,7b,7b,M ,,V,1,,0,4,0.25,3.25,4
24,82,a,6,nan,T,,nan,nan,JMML,0,2,0.00,2.00,4
24,82,b,5,5,T,,V,1,,2,1,0.00,1.00,4
24,82,c,6,nan,F,,nan,nan,JMML,3,1,0.75,0.25,4
24,83,a,5,5,T,,V,1,,0,1,0.00,1.00,4
24,83,b,4,6,F,,X ,0,CUDW,1,1,0.75,0.25,4
24,83,c,3,3,T,,V,1,,2,1,0.00,1.00,4
24,83,d,2,2,T,,V,1,,3,1,0.00,1.00,4
24,84,a,1,1,I,,V,1,,0,2,0.00,1.00,4
24,84,b,4,4,F,,V,1,,2,2,1.50,0.50,4
24,85,a,3,3,T,D,V,1,,0,2,0.25,1.75,4
24,85,b,4,4,F,,V,1,,2,2,1.50,0.50,4
24,86,a,3,3,T,D,V,1,,0,2,0.25,1.75,4
24,92,a,3,3,IF,,V,1,,2,2,0;1.75,0.75;0.25,4
24,93,a,2,2,MF,,V,1,,0,4,0.25;3.75,3.25;0.25,4
24,94,a,1,1,IF,,V,1,,0,4,0;3.75,2.75;0.25,4
24,95,a,7b,7b,M,,V,1,,0,4,0.25,3.25,4
24,96,a,6,nan,T,,nan,nan,JMML,0,2,0.00,2.00,4
24,96,b,5,5,T,,V,1,,2,1,0.00,1.00,4
24,96,c,6,nan,F,,nan,nan,JMML,3,1,0.75,0.25,4
24,97,a,5,5,T,,V,1,,0,1,0.00,1.00,4
24,97,b,4,6,F,,X,0,CUDW,1,1,0.75,0.25,4
24,97,c,3,3,T,,V,1,,2,1,0.00,1.00,4
24,97,d,2,2,T,,V,1,,3,1,0.00,1.00,4
24,101,a,4,6,F,,X,0,CUDW,1,1,0.75,0.25,4
24,101,b,3,3,T,,V,1,,2,1,0.00,1.00,4
24,101,c,2,2,T,,V,1,,3,1,0.00,1.00,4
24,106,a,4,6,F,,X,0,CUDW,1,1,0.75,0.25,4
24,106,b,3,3,T,,V,1,,2,1,0.00,1.00,4
24,106,c,2,2,T,,V,1,,3,1,0.00,1.00,4
24,107,a,1,1,I,,V,1,,0,4,0.00,1.00,4
24,108,a,6,6,I,,V,1,,0,3,0.00,0.50,4
24,108,b,5,nan,I,,nan,nan,PREF,3,1,0.00,0.25,4
24,108,c,4,4,M,,V,1,,3,1,0.25,0.50,4
24,109,a,3,3,I,,V,1,,0,1,0.00,0.25,4
24,109,b,6,6,I,,V,1,,2,1,0.00,0.75,4
24,109,c,1,nan,I,,nan,nan,DISS,3,1,0.00,0.50,4
24,109,d,7,7,T,D,X,0,,3,1,0.50,0.50,4
24,110,a,6,6,I,,V,1,,2,1,0.00,0.75,4
24,110,b,1,nan,I,,nan,nan,DISS,3,1,0.00,0.50,4
24,110,c,7,7,I,D,V,1,,3,1,0.50,0.50,4
24,111,a,1,1,I,,V,1,,0,4,0.00,0.50,4
24,112,a,1,1,I,,V,1,,0,1,0.00,0.50,4
24,112,b,3,3,I,,V,1,,1,1,0.00,0.50,4
24,112,c,5,5,I,,V,1,,2,2,0.00,0.25,4
24,113,a,1,1,I,,V,1,,0,1,0.00,0.50,4
24,113,b,3,3,I,,V,1,,1,1,0.00,0.50,4
24,113,c,5,5,I,,V,1,,2,2,0.00,0.25,4
24,114,a,1,1,I,,V,1,,0,1,0.00,0.50,4
24,114,b,3,3,I,,V,1,,1,1,0.00,0.50,4
24,114,c,4,4,T,,V,1,,2,1.5,0.00,1.50,4
24,114,d,3,3,T,,V,1,,3.5,0.5,0.00,0.50,4
24,115,a,3,3,T,D,V,1,,0,0.5,0.00,0.50,4
24,115,b,2,2,T,,V,1,,0.5,0.5,0.00,0.50,4
24,117,a,4,4,I,,V,1,,1,1,0.00,0.50,4
24,117,b,3,3,I,,V,1,,2,1,0.00,0.75,4
24,117,c,4,4,I,D,V,1,,3,1,0.00,0.50,4
24,118,a,3,3,I,,V,1,,0,0.5,0.00,0.25,4
24,118,b,5,5,T,,V,1,,0.5,1,0.00,1.00,4
24,118,c,4,4,T,,V,1,,1.5,0.5,0.00,0.50,4
24,118,d,3,3,I,,V,1,,2,0.5,0.00,0.25,4
24,118,e,5,5,T,,V,1,,2.5,0.5,0.00,0.50,4
24,118,f,4,4,I,,V,1,,3,1,0.00,0.50,4
24,119,a,3,3,I,,V,1,,0,1,0.00,0.25,4
24,119,b,4,4,M,,V,1,,1,1,0.50,0.25,4
24,119,c,3,3,I,,V,1,,2,2,0.00,0.25,4
24,120,a,4,4,T,,V,1,,0,2,0.00,2.00,4
24,120,b,3,3,I,,V,1,,2,2,0.00,1.00,4
24,121,a,4,4,M,,V,1,,0,2,0.25,0.75,4
24,121,b,4,4,M,,V,1,,2,2,0.25,0.75,4
24,122,a,4,4,M,,V,1,,0,2,0.25,0.75,4
24,122,b,3,3,I,,V,1,,2,2,0.00,0.50,4
24,123,a,5,5,T,,V,1,,0,0.5,0.00,0.50,4
24,123,b,4,6,F,,X ,0,PMEL,0.5,0.5,0.25,0.25,4
24,123,c,3,3,T,,V,1,,1,0.5,0.00,0.50,4
24,123,d,2,2,T,,V,1,,1.5,0.5,0.00,0.50,4
24,123,e,1,1,T,,V,1,,2,1,0.00,1.00,4
24,124,a,3,3,T,,V,1,,0,1,0.00,1.00,4
24,124,b,4,4,T,,V,1,,1,1,0.00,1.00,4
24,124,c,3,3,T,,V,1,,2,1,0.00,1.00,4
24,124,d,4,4,T,,V,1,,3,1,0.00,1.00,4
24,125,a,3,3,T,,V,1,,0,1,0.00,1.00,4
24,126,a,5,3,F,,X,0,PMEL,2,1,0.50,0.50,4
24,126,b,4,4,I,,V,1,,3,1,0.00,0.50,4
24,127,a,3,3,I,,V,1,,0,1,0.00,0.25,4
24,127,b,4,4,M,,V,1,,1,1,0.50,0.25,4
24,127,c,3,3,I,,V,1,,2,2,0.00,0.25,4
24,128,a,4,4,T,,V,1,,0,2,0.00,2.00,4
24,128,b,3,3,I,,V,1,,2,2,0.00,1.00,4
24,129,a,4,4,M,,V,1,,0,2,0.25,0.75,4
24,129,b,4,4,M,,V,1,,2,2,0.25,0.75,4
24,130,a,4,4,M,,V,1,,0,2,0.25,0.75,4
24,130,b,3,3,I,,V,1,,2,2,0.00,0.50,4
24,131,a,5,5,T,,V,1,,3,0.5,0.00,0.50,4
24,131,b,4,4,I,,V,1,,3.5,0.5,0.00,0.25,4
24,132,a,3,3,I,,V,1,,0,1,0.00,0.38,4
24,132,b,5,5,T,,V,1,,1,0.5,0.00,0.50,4
24,132,c,4,4,I,,V,1,,1.5,0.5,0.00,0.25,4
24,132,d,3,3,I,,V,1,,2,2,0.00,0.38,4
24,137,a,3,3,T,,V,1,,3,0.5,0.00,0.50,4
24,137,b,2,2,T,,V,1,,3.5,0.5,0.00,0.50,4
24,138,a,3,3,T,,V,1,,3,0.5,0.00,0.50,4
24,138,b,2,2,T,,V,1,,3.5,0.5,0.00,0.50,4
24,139,a,1,1,T,,V,1,,0,1,0.00,1.00,4
24,140,a,1,1,I,,V,1,,0,0.5,0.00,0.25,4
24,140,b,4,4,T,,V,1,,0.5,1,0.00,1.00,4
24,140,c,6,6,I,,V,1,,2,0.5,0.00,0.25,4
24,140,d,2,2,T,,V,1,,2.5,1.5,0.00,1.50,4
24,141,a,2,2,IM,,V,1,,0,2,0;1,0.75;0.75,4
24,141,b,2,2,IF,,V,1,,2,2,0;1.5,1;0.5,4
24,143,a,2,2,I,,V,1,,2,2,0.00,1.00,4
24,144,a,1,1,I,,V,1,,0,2,0.00,1.00,4
24,144,b,4,4,I,,V,1,,2,2,0.00,1.00,4
26,3,a,6,6,T,,V,1,,0,2,0.00,2.00,4
26,3,b,5,5,I,,V,1,,2,2,0.00,1.00,4
26,4,a,4,4,MF,,V,1,,0,2,1;1.75,0.5;0.25,4
26,4,b,3,3,I,,V,1,,2,2,0.00,1.00,4
26,5,a,6,6,IMF,,V,1,,0,4,0;2;3.75,0.5;0.25;0.25,4
26,6,a,5,5,IMF,,V,1,,0,4,0;2;3.75,0.5;0.25;0.25,4
26,7,a,4,4,IMF,,V,1,,0,4,0;2;3.75,0.5;0.25;0.25,4
26,8,a,3,3,IMF,,V,1,,0,4,0;2;3.75,0.5;0.25;0.25,4
26,9,a,2,2,IMM,,V,1,,0,4,0;2;3,0.25;0.25;0.25,4
26,10,a,6,6,IM,,V,1,,0,2,0;1,0.25;0.25,4
26,10,b,4,4,I,,V,1,,2,0.5,0.00,0.25,4
26,10,c,6,6,I,,V,1,,2.5,0.5,0.00,0.25,4
26,10,d,1,1,F,,V,1,,3,1,0.75,0.25,4
26,11,a,7,7,I,,V,1,,0,4,0.00,0.50,4
26,14,a,1,5,MF,,X ,0,PMEL,0,4,1;3.5,1.5;0.5,4
26,15,a,7,7,I,D,V,1,,0,4,0.75,1.25,4
26,16,a,1,5,MF,,X,0,PMEL,0,4,1;3.5,1.5;0.5,4
26,17,a,7,7,I,D,V,1,,0,4,0.75,1.25,4
26,18,a,6,6,IMM,,V,1,,2,4,0;1.25;1.75,1;0.25;0.25,4
26,19,a,5,5,IMM,,V,1,,2,4,0;1.25;1.75,1;0.25;0.25,4
26,20,a,4,4,IMM,,V,1,,2,4,0;1.25;1.75,1;0.25;0.25,4
26,21,a,3,3,IF,,V,1,,2,2,0;1.75,1;0.25,4
26,22,a,2,2,T,,V,1,,0,2,0.00,2.00,4
26,22,b,4,4,T,D,V,1,,2,1,0.00,1.00,4
26,22,c,6,6,T,D,V,1,,3,1,0.00,1.00,4
26,23,a,2,2,IMMMF,,V,1,,0,4,0;1.625;1.875;2.5;3.5,1.5;0.125;0.125;0.5;0.5,4
26,24,a,3,3,IM,,V,1,,0,4,0;3.25,0.5;0.25,4
26,25,a,2,2,T,,V,1,,0,4,0.00,4.00,4
26,26,a,1,1,IMM,,V,1,,0,3,0;1.5;2.5,1.25;0.25;0.25,4
26,31,a,1,4,F,,X,0,OPRF,0,4,3.75,0.25,4
26,32,a,7,7,I,,V,1,,0,2,0.00,1.00,4
26,32,b,4,4,F,,V,1,,2,2,1.75,0.25,4
26,33,a,3,3,IMMF,,V,1,,0,3,0;1.75;2.25;2.75,1;0.25;0.25;0.25,4
26,35,a,1,4,F,,X ,0,OPRF,0,4,3.75,0.25,4
26,36,a,7,7,I,,V,1,,0,2,0.00,1.00,4
26,36,b,4,4,F,,V,1,,2,2,1.75,0.25,4
26,37,a,3,3,I,,V,1,,0,2,0.00,1.00,4
26,37,b,6,6,IF,,V,1,,2,4,0;3.75,1;0.25,4
26,38,a,5,5,IF,,V,1,,2,4,0;3.75,1;0.25,4
26,39,a,4,4,IF,,V,1,,2,4,0;3.75,1;0.25,4
26,40,a,3,3,IM,,V,1,,2,4,0;2.75,1;0.25,4
26,44,a,6,6,T,,V,1,,0,2,0.00,2.00,4
26,44,b,5,5,I,,V,1,,2,2,0.00,1.00,4
26,45,a,4,4,MF,,V,1,,0,2,1;1.75,0.5;0.25,4
26,45,b,3,3,I,,V,1,,2,2,0.00,1.00,4
26,46,a,6,6,IMF,,V,1,,0,4,0;2;3.75,0.5;0.25;0.25,4
26,47,a,5,5,IMF,,V,1,,0,4,0;2;3.75,0.5;0.25;0.25,4
26,48,a,4,4,IMF,,V,1,,0,4,0;2;3.75,0.5;0.25;0.25,4
26,49,a,3,3,IMF,,V,1,,0,4,0;2;3.75,0.5;0.25;0.25,4
26,50,a,6,6,IF,,V,1,,0,4,0;3,1;1,4
26,51,a,5,5,IF,,V,1,,0,4,0;3,1;1,4
26,52,a,4,4,IF,,V,1,,0,4,0;3,1;1,4
26,53,a,3,3,IF,,V,1,,0,4,0;3,1;1,4
26,54,a,2,2,IMM,,V,1,,0,4,0;2;3,0.5;0.25;0.25,4
26,55,a,6,6,IM,,V,1,,0,2,0;1,0.25;0.25,4
26,55,b,4,4,I,,V,1,,2,0.5,0.00,0.25,4
26,55,c,6,6,I,,V,1,,2.5,0.5,0.00,0.25,4
26,55,d,1,1,F,,V,1,,3,1,0.75,0.25,4
26,56,a,7,7,I,,V,1,,0,4,0.00,0.50,4
26,59,a,1,5,MF,,X ,0,OPRF,0,4,1;3.5,1.5;0.5,4
26,60,a,7,7,I,D,V,1,,0,4,0.75,1.25,4
26,61,a,1,5,MF,,X,0,OPRF,0,4,1;3.5,1.5;0.5,4
26,62,a,7,7,I,D,V,1,,0,4,0.75,1.25,4
26,63,a,6,6,IMM,,V,1,,2,4,0;1.25;1.75,1;0.25;0.25,4
26,64,a,5,5,IMM,,V,1,,2,4,0;1.25;1.75,1;0.25;0.25,4
26,65,a,4,4,IMM,,V,1,,2,4,0;1.25;1.75,1;0.25;0.25,4
26,66,a,3,3,IF,,V,1,,2,2,0;1.75,1;0.25,4
26,67,a,2,2,T,,V,1,,0,4,0.00,4.00,4
26,68,a,6,6,T,,V,1,,0,4,0.00,4.00,4
26,69,a,3,5,MM,,X ,0,PMEL,0,4,1.5;3.25,0.25;0.25,4
26,70,a,2,2,T,,V,1,,0,4,0.00,4.00,4
26,71,a,1,1,IMM,,V,1,,0,3,0;1.5;2.5,1.25;0.25;0.25,4
28,1,a,1,1,T,D,V,1,,0,1,0.00,1.00,4
28,1,b,3,3,T,,V,1,,1,1,0.00,0.75,4
28,1,c,2,2,I,,V,1,,2,2,0.00,0.25,4
28,2,a,4,4,IM,D,V,1,,0,2,0;1.5,1.16;0.16,4
28,2,b,6,6,IF,,V,1,,2,2,0;1.5,0.5;0.5,4
28,3,a,5,5,I,,V,1,,0,1,0.00,0.75,4
28,3,b,4,4,IF,D,V,1,,1,2,0;0.875,0.75;0.125,4
28,3,c,3,3,T,D,V,1,,2,1,0.00,1.00,4
28,3,d,6,6,MF,,V,1,,3,1,0.5;0.875,0.125;0.125,4
28,4,a,5,5,IF,,V,1,,0,1,0;0.75,0.25;0.25,4
28,4,b,4,4,IF,,V,1,,1,1,0;0.75,0.25;0.25,4
28,4,c,3,3,T,D,V,1,,2,1,0.00,1.00,4
28,5,a,6,6,I,,V,1,,0,1,0.00,0.75,4
28,5,b,7,7,IM,,V,1,,1,1,0;0.5,0.16;0.16,4
28,5,c,1,1,I,,V,1,,2,1,0.00,0.38,4
28,6,a,6,6,IF,D,V,1,,0,1,0;0.83,0.5;0.16,4
28,6,b,7,7,IF,D,V,1,,1,1,0;0.83,0.5;0.16,4
28,6,c,1,1,IM,,V,1,,2,1,0;0.75,0.583;0.083,4
28,6,d,4,4,T,,V,1,,3,1.5,0.00,1.38,4
28,7,a,3,3,I,,V,1,,0.5,0.5,0.00,0.38,4
28,7,b,2,2,T,,V,1,,1.5,0.5,0.00,0.50,4
28,7,c,1,1,IM,,V,1,,2,2,0;1.5,1;0.1875,4
28,8,a,1,1,I,,V,1,,0,1,0.00,0.75,4
28,8,b,2,4,IM,,X,0,TPRF,1,1,0;0.5,0.16;0.16,4
28,8,c,3,3,IF,,V,1,,2,2,0;0.5,0.25;1,4
28,9,a,2,2,M,,V,1,,3,1,0.50,0.08,4
28,10,a,3,3,IM,,V,1,,0,2,0;1.25,0.5;0.25,4
28,11,a,4,4,IF,,V,1,,1,0.5,0;0.375,0.125;0.125,4
28,11,b,3,3,IF,,V,1,,1.5,0.5,0;0.375,0.125;0.125,4
28,11,c,3,3,IF,,V,1,,2,0.5,0;0.4375,0.375;0.0625,4
28,11,d,2,2,T,,V,1,,2.5,0.5,0.00,0.50,4
28,11,e,4,4,MM,,V,1,,3,1,0.5;0.8125,0.25;0.03125,4
28,12,a,3,3,I,D,V,1,,0,1,0.00,0.50,4
28,12,b,1,nan,I,,nan,nan,DISS,2,2,0.00,0.50,4
28,12,c,7,7,I,D,V,1,,2,2,0.50,0.50,4
28,13,a,5,nan,I,,nan,nan,PREF,0,2,0.00,0.50,4
28,13,b,4,4,F,,V,1,,0,2,1.88,0.13,4
28,13,c,3,3,I,,V,1,,2,2,0.00,0.50,4
28,14,a,5,nan,I,,nan,nan,PREF,0,2,0.00,0.25,4
28,14,b,4,4,MF,,V,1,,0,2,1;1.875,0.125;0.125,4
28,14,c,3,3,I,,V,1,,2,2,0.00,0.50,4
28,15,a,1,6,F,,X,0,OPRF,0,2,1.75,0.25,4
28,15,b,7,7,T,,V,1,,2,0.5,0.00,0.50,4
28,15,c,6,6,T,,V,1,,2.5,0.5,0.00,0.50,4
28,15,d,5,5,T,D,V,1,,3,0.5,0.00,0.50,4
28,15,e,4,4,T,D,V,1,,3.5,0.5,0.00,0.50,4
28,16,a,3,3,IM,,V,1,,0,1,0;0.5,0.16;0.16,4
28,16,b,2,2,T,,V,1,,1,1,0.00,1.00,4
28,16,c,1,1,T,,V,1,,2,2,0.00,1.00,4
28,17,a,4,4,M,,V,1,,0,2,1.50,0.16,4
28,17,b,3,3,I,,V,1,,2,2,0.00,0.50,4
28,18,a,4,nan,I,,nan,nan,GRCN,2,2,0.00,0.00,4
28,18,b,3,3,I,D,V,1,,2,2,0.00,0.50,4
28,19,a,6,6,I,,V,1,,0,1,0.00,0.25,4
28,19,b,5,5,I,,V,1,,1,1,0.00,0.25,4
28,19,c,4,4,I,,V,1,,2,1,0.00,0.75,4
28,19,d,3,3,I,,V,1,,3,1,0.00,0.50,4
28,20,a,2,2,I,,V,1,,0,0.5,0.00,0.38,4
28,20,b,4,4,I,,V,1,,0.5,5,0.00,0.38,4
28,20,c,6,6,I,,V,1,,1,0.5,0.00,0.13,4
28,20,d,1,1,F,,V,1,,1.5,0.5,0.38,0.13,4
28,20,e,7,7,I,D,V,1,,2,2,0.00,0.25,4
28,21,a,1,1,I,,V,1,,0,1,0.00,0.16,4
28,21,b,3,3,IM,,V,1,,1,1,0;0.5,0.16;0.16,4
28,21,c,2,2,IM,,V,1,,2,2,0;1.875,0.16;0.0625,4
28,22,a,4,4,IMMF,,V,1,,0,2,0;0.33;1.33;1.875,0.16;0.66;0.16;0.125,4
28,22,b,3,3,I,,V,1,,2,1,0.00,0.50,4
28,22,c,6,6,I,,V,1,,3,2,0.00,1.25,4
28,23,a,5,5,I,,V,1,,1,2,0.00,1.25,4
28,23,b,4,4,IF,,V,1,,3,2,0;1.75,1.25;0.25,4
28,24,a,3,3,IF,,V,1,,1,2,0;1.75,1.5;0.25,4
28,24,b,2,2,I,,V,1,,3,0.5,0.00,0.25,4
28,24,c,1,4,F,,X,0,OPRF,3.5,0.5,0.42,0.08,4
28,25,a,7,7,I,D,V,1,,0,0.5,0.00,0.38,4
28,25,b,3,3,T,,V,1,,1,0.5,0.00,0.50,4
28,25,c,2,2,IF,,V,1,,1.5,0.5,0;0.4375,0.375;0.0625,4
28,25,d,1,1,IF,,V,1,,2,2,0;1.5,1;0.5,4
28,26,a,7,7,I,,V,1,,0,1,0.00,0.75,4
28,26,b,4,4,F,,V,1,,1,1,0.75,0.25,4
28,26,c,3,3,I,,V,1,,2,1,0.00,0.38,4
28,26,d,1,1,F,,V,1,,3,1,0.50,0.50,4
28,27,a,7,7,IM,D,V,1,,0,1,0.5;0.75,0.083;0.083,4
28,27,b,4,4,F,,V,1,,1,1,0.88,0.13,4
28,27,c,3,3,I,,V,1,,2,1,0.00,0.50,4
28,27,d,1,1,IMM,,V,1,,3,2,0;1.33;1.66,1.16;0.16;0.16,4
28,28,a,2,2,IF,,V,1,,1,2,0;1.75,1.25;0.25,4
28,28,b,3,3,IF,D,V,1,,3,2,0;1.75,1.25;0.25,4
28,29,a,4,4,IF,,V,1,,1,2,0;1.75,1.25;0.25,4
28,29,b,5,nan,I,,nan,nan,PREF,3,1,0.00,0.25,4
28,29,c,4,4,F,,V,1,,3,1,0.75,0.25,4
28,30,a,3,3,I,,V,1,,0,1,0.00,0.75,4
28,30,b,4,4,I,,V,1,,1,0.5,0.00,0.13,4
28,30,c,3,3,IF,,V,1,,1.5,0.5,0;0.375,0.125;0.125,4
28,30,d,3,3,IF,,V,1,,2,0.5,0;0.375,0.125;0.125,4
28,30,e,2,2,I,,V,1,,2.5,1.5,0.00,0.50,4
28,31,a,6,6,I,D,V,1,,0,0.5,0.00,0.25,4
28,31,b,5,5,I,D,V,1,,0.5,0.5,0.00,0.25,4
28,31,c,4,4,IM,,V,1,,1,0.5,0;0.25,0.083;0.083,4
28,31,d,3,3,IM,,V,1,,1.5,0.5,0;0.25,0.083;0.083,4
28,31,e,2,2,T,D,V,1,,2,0.5,0.00,0.50,4
28,32,a,3,3,T,,V,1,,1,0.5,0.00,0.50,4
28,32,b,2,2,IF,,V,1,,1.5,0.5,0;0.4375,0.375;0.0625,4
28,32,c,1,1,T,,V,1,,2,2,0.00,2.00,4
29,1,a,1,1,T,,V,1,,0,2,0.00,2.00,4
29,1,b,3,3,I,D,V,1,,2,2,0.50,0.50,4
29,2,a,5,5,T,,V,1,,0,2,0.00,2.00,4
29,2,b,3,3,T,D,V,1,,2,1,0.50,0.50,4
29,2,c,1,1,T,D,V,1,,3,1,0.50,0.50,4
29,3,a,7,7,I,,V,1,,0,2,0.00,1.50,4
29,3,b,1,1,I,,V,1,,2,2,0.00,1.00,4
29,4,a,4,4,I,,V,1,,0,2,0.00,2.33,4
29,4,b,6,nan,F,,nan,nan,JMML,2,2,1.66,0.33,4
29,5,a,5,6,T,D,X,0,PMEL,0,3,0.50,2.50,4
29,5,b,5,5,T,,V,1,,3,0.5,0.00,0.50,4
29,5,c,3,3,T,,V,1,,3.5,0.5,0.00,0.50,4
29,6,a,1,1,T,D,V,1,,0,3,0.50,2.50,4
29,6,b,3,3,I,,V,1,,3,0.5,0.00,0.25,4
29,6,c,1,1,I,,V,1,,3.5,0.5,0.00,0.25,4
29,7,a,6,6,I,D,V,1,,0,4,0.50,2.50,4
29,8,a,1,nan,F,,nan,nan,CDSF,0,2,1.00,1.00,4
29,8,b,7,7,T,D,V,1,,2,2,1.00,1.00,4
29,9,a,1,1,I,D,V,1,,0,4,0.00,2.00,4
29,10,a,6,6,IMF,,V,1,,0,8,0;3.5;7.66,1.5;0.5;0.33,4
29,12,a,5,5,IMF,,V,1,,0,8,0;3.5;7.66,1.5;0.5;0.33,4
29,14,a,4,4,IF,,V,1,,0,4,0;3,0.5;1,4
29,15,a,3,3,I,,V,1,,0,2,0.00,0.50,4
29,17,a,3,3,T,,V,1,,0,2,0.00,2.00,4
29,18,a,5,nan,M,,nan,nan,PREF,2,2,1.00,0.50,4
29,18,b,4,4,F,,V,1,,2,2,1.50,0.50,4
29,19,a,3,3,T,,V,1,,0,2,0.00,2.00,4
29,20,a,5,nan,M,,nan,nan,PREF,2,2,1.00,0.50,4
29,20,b,4,4,F,,V,1,,2,2,1.50,0.50,4
29,21,a,3,3,I,,V,1,,0,2,0.00,0.50,4
29,21,b,1,1,I,,V,1,,2,2,0.00,0.50,4
29,23,a,3,3,T,,V,1,,2,1,0.00,1.00,4
29,23,b,2,2,T,,V,1,,3,1,0.00,1.00,4
29,24,a,1,1,T,,V,1,,0,2,0.00,2.00,4
29,24,b,7b,7b,,,V,1,,2,2,0.00,2.00,4
29,25,a,6,6,,,V,1,,0,2,0.00,2.00,4
29,25,b,7,7,,,V,1,,2,2,0.00,2.00,4
29,26,a,1,1,,,V,1,,0,2,0.00,2.00,4
29,26,b,7b,7b,,,V,1,,2,2,0.00,2.00,4
29,27,a,6,6,I,,V,1,,0,2,0.00,1.00,4
29,27,b,7,7,F,,V,1,,2,2,1.00,1.00,4
29,28,a,1,1,I,,V,1,,0,4,0.00,2.00,4
29,30,a,6,nan,M,,nan,nan,PREF,0,3,1.00,1.00,4
29,30,b,5,nan,M,,nan,nan,PREF,0,3,2.00,0.00,4
29,30,c,4,4,F,,V,1,,0,3,2.00,1.00,4
29,30,d,3,3,T,,V,1,,3,1,0.00,1.00,4
29,32,a,6,nan,M,,nan,nan,PREF,0,3,1.00,1.00,4
29,32,b,5,nan,M,,nan,nan,PREF,0,3,2.00,0.00,4
29,32,c,4,4,F,,V,1,,0,3,2.00,1.00,4
29,32,d,3,3,T,,V,1,,3,1,0.00,1.00,4
29,33,a,1,1,F,,V,1,,2,2,1.50,0.50,4
29,34,a,7,7,T,,V,1,,0,3,0.00,3.00,4
29,36,a,4#,nan,F,,nan,nan,DISS,2,2,1.00,1.00,4
29,37,a,5,5,T,,V,1,,0,2,0.00,2.00,4
29,38,a,7,7,I,,V,1,,2,2,0.00,1.50,4
29,39,a,1,1,I,,V,1,,0,1,0.00,0.50,4
29,40,a,3,3,I,,V,1,,0,1,0.00,0.33,4
29,40,b,2,2,T,D,V,1,,2,2,0.00,2.00,4
29,41,a,1,1,T,,V,1,,0,2,0.00,2.00,4
29,42,a,1,1,T,,V,1,,0,2,0.00,2.00,4
29,42,b,3,3,I,D,V,1,,2,2,0.50,0.50,4
29,43,a,5,5,T,,V,1,,0,2,0.00,2.00,4
29,43,b,3,3,T,D,V,1,,2,1,0.50,0.50,4
29,43,c,1,1,T,D,V,1,,3,1,0.50,0.50,4
29,44,a,7,7,I,,V,1,,0,2,0.00,1.50,4
29,44,b,1,1,I,,V,1,,2,2,0.00,1.00,4
29,45,a,4,4,T,,V,1,,0,2,0.00,2.00,4
29,45,b,6,nan,F,,nan,nan,JMML,2,2,1.66,0.33,4
29,46,a,5,6,I,D,X,0,PMEL,0,3,0.50,2.50,4
29,48,a,6,nan,I,,nan,nan,PREF,2,2,0.00,1.00,4
29,48,b,5,nan,M,,nan,nan,PREF,2,2,1.00,0.50,4
29,48,c,4,4,F,,V,0,,2,2,1.50,0.50,4
29,49,a,3,3,I,D,V,1,,0,4,0.50,2.50,4
29,50,a,6,5,I,,X,0,TPRF,1,1,0.00,0.50,4
29,50,b,4,4,I,,V,1,,2,1,0.00,0.50,4
29,50,c,2,nan,I,,nan,nan,DISS,3,1,0.00,0.50,4
29,51,a,2,2,IM,,V,1,,0,2,0;1,0.5;0.5,4
29,51,b,4,4,,,V,1,,2,1,0.00,0.50,4
29,51,c,6,6,,,V,1,,3,0.5,0.00,0.50,4
29,51,d,1,1,F,,V,1,,3.5,0.5,0.00,0.50,4
29,52,a,7,7,IM,,V,1,,0,2,0;1.5,0.25;0.25,4
29,53,a,3,3,T,,V,1,,0,2,0.00,2.00,4
29,54,a,5,nan,M,,nan,nan,PREF,2,2,1.00,0.50,4
29,54,b,4,4,F,,V,1,,2,2,1.50,0.50,4
29,55,a,3,3,T,,V,1,,0,2,0.00,2.00,4
29,56,a,6,nan,M,,nan,nan,PREF,2,2,0.50,0.50,4
29,56,b,5,nan,M,,nan,nan,PREF,2,2,1.00,0.50,4
29,56,c,4,4,F,,V,1,,2,2,1.50,0.50,4
29,57,a,3,3,I,,V,1,,0,1,0.00,0.50,4
29,57,b,1,1,IF,D,V,1,,1,1,0.25;0.75,0.25;0.25,4
29,57,c,6,1,MMF,,X,0,PMEL,2,2,0.75;1.25;1.75,0.25;0.25;0.25,4
29,58,a,4,6,MMF,,X,0,PMEL,0,2,0.75;1.25;1.75,0.25;0.25;0.25,4
29,58,b,2,4,MMF,,X,0,PMEL,2,2,0.75;1.25;1.75,0.25;0.25;0.25,4
29,59,a,1,5,F,,X,0,PMEL,0,1,0.50,0.50,4
29,59,b,3,3,T,,V,1,,2,1,0.00,1.00,4
29,59,c,2,2,T,,V,1,,3,1,0.00,1.00,4
29,60,a,1,1,T,,V,1,,0,2,0.00,2.00,4
29,60,b,7b,7b,T,,V,1,,2,2,0.00,2.00,4
29,61,a,6,6,T,,V,1,,0,2,0.00,2.00,4
29,61,b,7,7,T,,V,1,,2,2,0.00,2.00,4
29,62,a,1,1,T,,V,1,,0,2,0.00,2.00,4
29,62,b,7b,7b,T,,V,1,,2,2,0.00,2.00,4
29,63,a,6,6,I,,V,1,,0,2,0.00,1.00,4
29,63,b,7,7,F,,V,1,,2,2,1.00,1.00,4
29,64,a,1,1,I,,V,1,,0,4,0.00,2.00,4